Time,Temperature_F,Humidity_%,Dew_Point_F
2024-04-01T00:00,49.28,93,47.34
2024-04-01T01:00,48.74,96,47.65
2024-04-01T02:00,48.56,97,47.75
2024-04-01T03:00,48.02,97,47.21
2024-04-01T04:00,48.02,96,46.93
2024-04-01T05:00,48.02,97,47.21
2024-04-01T06:00,47.48,98,46.94
2024-04-01T07:00,47.84,98,47.3
2024-04-01T08:00,49.1,97,48.29
2024-04-01T09:00,51.62,95,50.23
2024-04-01T10:00,56.3,89,53.1
2024-04-01T11:00,58.28,86,54.11
2024-04-01T12:00,58.64,86,54.46
2024-04-01T13:00,56.84,87,53.01
2024-04-01T14:00,55.94,85,51.49
2024-04-01T15:00,59.18,78,52.32
2024-04-01T16:00,60.44,75,52.48
2024-04-01T17:00,59.18,76,51.62
2024-04-01T18:00,59.54,74,51.24
2024-04-01T19:00,56.48,80,50.38
2024-04-01T20:00,53.06,86,48.98
2024-04-01T21:00,49.46,89,46.35
2024-04-01T22:00,49.82,88,46.41
2024-04-01T23:00,48.2,94,46.55
2024-04-02T00:00,47.66,96,46.58
2024-04-02T01:00,47.3,96,46.22
2024-04-02T02:00,47.66,94,46.02
2024-04-02T03:00,47.66,92,45.45
2024-04-02T04:00,46.4,92,44.2
2024-04-02T05:00,47.48,88,44.11
2024-04-02T06:00,46.94,91,44.45
2024-04-02T07:00,46.58,95,45.23
2024-04-02T08:00,46.94,100,46.94
2024-04-02T09:00,48.02,99,47.75
2024-04-02T10:00,49.1,95,47.73
2024-04-02T11:00,49.64,93,47.7
2024-04-02T12:00,51.8,88,48.36
2024-04-02T13:00,55.76,82,50.35
2024-04-02T14:00,58.1,79,51.62
2024-04-02T15:00,58.82,81,53.0
2024-04-02T16:00,59.18,85,54.67
2024-04-02T17:00,61.7,80,55.46
2024-04-02T18:00,58.28,85,53.79
2024-04-02T19:00,55.76,90,52.87
2024-04-02T20:00,53.24,93,51.27
2024-04-02T21:00,47.66,98,47.12
2024-04-02T22:00,46.76,98,46.23
2024-04-02T23:00,46.4,100,46.4
2024-04-03T00:00,46.4,99,46.13
2024-04-03T01:00,46.58,99,46.31
2024-04-03T02:00,46.4,100,46.4
2024-04-03T03:00,46.76,99,46.49
2024-04-03T04:00,46.94,99,46.67
2024-04-03T05:00,47.3,99,47.03
2024-04-03T06:00,47.66,99,47.39
2024-04-03T07:00,48.2,99,47.93
2024-04-03T08:00,49.28,99,49.01
2024-04-03T09:00,47.3,100,47.3
2024-04-03T10:00,48.2,100,48.2
2024-04-03T11:00,51.44,95,50.06
2024-04-03T12:00,52.52,100,52.52
2024-04-03T13:00,55.94,99,55.66
2024-04-03T14:00,59.54,97,58.69
2024-04-03T15:00,60.26,100,60.26
2024-04-03T16:00,58.1,100,58.1
2024-04-03T17:00,58.46,92,56.14
2024-04-03T18:00,58.46,89,55.23
2024-04-03T19:00,57.74,89,54.52
2024-04-03T20:00,55.58,87,51.77
2024-04-03T21:00,50.0,92,47.77
2024-04-03T22:00,48.2,100,48.2
2024-04-03T23:00,47.48,94,45.84
2024-04-04T00:00,46.58,93,44.67
2024-04-04T01:00,46.04,93,44.13
2024-04-04T02:00,43.88,97,43.08
2024-04-04T03:00,42.62,97,41.83
2024-04-04T04:00,41.36,98,40.84
2024-04-04T05:00,40.64,97,39.86
2024-04-04T06:00,40.28,95,38.96
2024-04-04T07:00,39.56,95,38.25
2024-04-04T08:00,42.08,94,40.48
2024-04-04T09:00,46.4,89,43.34
2024-04-04T10:00,49.46,72,40.81
2024-04-04T11:00,52.16,59,38.27
2024-04-04T12:00,54.68,53,37.89
2024-04-04T13:00,54.68,47,34.85
2024-04-04T14:00,54.32,44,32.88
2024-04-04T15:00,53.96,44,32.55
2024-04-04T16:00,54.5,43,32.47
2024-04-04T17:00,54.86,42,32.21
2024-04-04T18:00,46.22,80,40.4
2024-04-04T19:00,46.04,83,41.17
2024-04-04T20:00,44.6,86,40.68
2024-04-04T21:00,43.16,71,34.4
2024-04-04T22:00,41.54,70,32.5
2024-04-04T23:00,41.0,67,30.9
2024-04-05T00:00,40.82,67,30.72
2024-04-05T01:00,40.28,69,30.93
2024-04-05T02:00,39.38,71,30.77
2024-04-05T03:00,38.3,75,31.08
2024-04-05T04:00,37.4,78,31.18
2024-04-05T05:00,37.04,81,31.76
2024-04-05T06:00,37.04,82,32.06
2024-04-05T07:00,37.04,83,32.37
2024-04-05T08:00,40.82,76,33.85
2024-04-05T09:00,46.94,65,35.8
2024-04-05T10:00,50.18,53,33.72
2024-04-05T11:00,50.72,53,34.22
2024-04-05T12:00,52.16,52,35.07
2024-04-05T13:00,54.32,43,32.3
2024-04-05T14:00,52.7,45,31.96
2024-04-05T15:00,52.52,45,31.8
2024-04-05T16:00,52.16,48,33.07
2024-04-05T17:00,51.8,48,32.74
2024-04-05T18:00,50.72,43,29.05
2024-04-05T19:00,48.38,45,28.03
2024-04-05T20:00,44.78,52,28.24
2024-04-05T21:00,42.8,53,26.87
2024-04-05T22:00,41.36,53,25.53
2024-04-05T23:00,40.1,54,24.81
2024-04-06T00:00,39.2,57,25.26
2024-04-06T01:00,38.3,61,26.05
2024-04-06T02:00,37.58,64,26.52
2024-04-06T03:00,37.22,65,26.55
2024-04-06T04:00,37.04,67,27.12
2024-04-06T05:00,37.22,69,28.0
2024-04-06T06:00,37.4,69,28.17
2024-04-06T07:00,37.22,71,28.7
2024-04-06T08:00,40.1,67,30.04
2024-04-06T09:00,44.06,60,31.08
2024-04-06T10:00,46.58,56,31.73
2024-04-06T11:00,47.66,54,31.84
2024-04-06T12:00,48.74,52,31.91
2024-04-06T13:00,50.0,50,32.1
2024-04-06T14:00,51.8,47,32.22
2024-04-06T15:00,53.06,44,31.73
2024-04-06T16:00,53.42,43,31.49
2024-04-06T17:00,53.6,42,31.07
2024-04-06T18:00,53.06,45,32.29
2024-04-06T19:00,51.44,49,32.92
2024-04-06T20:00,48.38,55,32.97
2024-04-06T21:00,46.58,58,32.6
2024-04-06T22:00,46.04,59,32.52
2024-04-06T23:00,44.42,62,32.23
2024-04-07T00:00,43.52,64,32.16
2024-04-07T01:00,44.06,62,31.89
2024-04-07T02:00,44.42,59,31.0
2024-04-07T03:00,42.44,63,30.75
2024-04-07T04:00,40.64,68,30.92
2024-04-07T05:00,39.2,72,30.94
2024-04-07T06:00,38.3,74,30.75
2024-04-07T07:00,37.76,76,30.89
2024-04-07T08:00,40.64,74,33.01
2024-04-07T09:00,47.12,63,35.18
2024-04-07T10:00,51.08,55,35.48
2024-04-07T11:00,54.14,48,34.89
2024-04-07T12:00,56.48,42,33.67
2024-04-07T13:00,56.12,43,33.93
2024-04-07T14:00,57.2,41,33.72
2024-04-07T15:00,58.1,39,33.28
2024-04-07T16:00,59.72,36,32.72
2024-04-07T17:00,61.88,33,32.46
2024-04-07T18:00,60.98,38,35.19
2024-04-07T19:00,55.4,54,39.03
2024-04-07T20:00,49.1,70,39.74
2024-04-07T21:00,48.74,68,38.66
2024-04-07T22:00,46.94,73,38.74
2024-04-07T23:00,45.68,74,37.88
2024-04-08T00:00,46.04,69,36.45
2024-04-08T01:00,45.14,70,35.95
2024-04-08T02:00,43.52,75,36.13
2024-04-08T03:00,41.9,81,36.5
2024-04-08T04:00,42.8,77,36.1
2024-04-08T05:00,41.36,80,35.66
2024-04-08T06:00,38.84,87,35.31
2024-04-08T07:00,38.84,85,34.72
2024-04-08T08:00,43.16,81,37.73
2024-04-08T09:00,50.36,71,41.32
2024-04-08T10:00,55.58,57,40.59
2024-04-08T11:00,60.08,48,40.33
2024-04-08T12:00,63.32,41,39.21
2024-04-08T13:00,64.94,36,37.34
2024-04-08T14:00,66.02,40,41.0
2024-04-08T15:00,67.64,39,41.79
2024-04-08T16:00,68.72,37,41.39
2024-04-08T17:00,68.72,38,42.08
2024-04-08T18:00,67.1,48,46.75
2024-04-08T19:00,62.06,61,48.45
2024-04-08T20:00,57.38,70,47.68
2024-04-08T21:00,55.4,69,45.4
2024-04-08T22:00,55.94,68,45.53
2024-04-08T23:00,55.94,68,45.53
2024-04-09T00:00,55.58,70,45.95
2024-04-09T01:00,54.86,74,46.73
2024-04-09T02:00,54.32,77,47.26
2024-04-09T03:00,53.96,79,47.6
2024-04-09T04:00,53.06,82,47.71
2024-04-09T05:00,52.52,83,47.51
2024-04-09T06:00,51.62,86,47.57
2024-04-09T07:00,50.54,88,47.12
2024-04-09T08:00,53.6,83,48.56
2024-04-09T09:00,59.54,74,51.24
2024-04-09T10:00,64.94,63,52.03
2024-04-09T11:00,69.08,57,53.2
2024-04-09T12:00,71.96,53,53.88
2024-04-09T13:00,73.4,51,54.16
2024-04-09T14:00,75.2,47,53.57
2024-04-09T15:00,74.84,48,53.82
2024-04-09T16:00,74.48,49,54.05
2024-04-09T17:00,73.4,54,55.73
2024-04-09T18:00,71.06,69,60.36
2024-04-09T19:00,67.64,76,59.8
2024-04-09T20:00,64.58,81,58.61
2024-04-09T21:00,62.96,75,54.91
2024-04-09T22:00,63.14,71,53.58
2024-04-09T23:00,63.32,65,51.35
2024-04-10T00:00,62.78,69,52.45
2024-04-10T01:00,61.7,74,53.32
2024-04-10T02:00,60.62,79,54.07
2024-04-10T03:00,59.0,84,54.17
2024-04-10T04:00,57.74,87,53.9
2024-04-10T05:00,58.28,85,53.79
2024-04-10T06:00,58.1,85,53.61
2024-04-10T07:00,57.74,86,53.58
2024-04-10T08:00,58.64,84,53.82
2024-04-10T09:00,62.24,81,56.33
2024-04-10T10:00,65.84,65,53.74
2024-04-10T11:00,68.72,60,54.26
2024-04-10T12:00,71.24,56,54.72
2024-04-10T13:00,73.22,52,54.52
2024-04-10T14:00,75.2,45,52.38
2024-04-10T15:00,75.74,43,51.64
2024-04-10T16:00,74.66,46,52.49
2024-04-10T17:00,75.92,44,52.42
2024-04-10T18:00,73.4,54,55.73
2024-04-10T19:00,69.98,60,55.45
2024-04-10T20:00,67.82,62,54.32
2024-04-10T21:00,65.12,71,55.48
2024-04-10T22:00,64.22,80,57.92
2024-04-10T23:00,63.5,84,58.57
2024-04-11T00:00,61.7,89,58.42
2024-04-11T01:00,61.34,91,58.69
2024-04-11T02:00,60.62,95,59.18
2024-04-11T03:00,60.62,96,59.47
2024-04-11T04:00,60.62,96,59.47
2024-04-11T05:00,60.08,95,58.64
2024-04-11T06:00,59.18,93,57.16
2024-04-11T07:00,59.0,91,56.37
2024-04-11T08:00,60.08,88,56.51
2024-04-11T09:00,63.86,82,58.25
2024-04-11T10:00,65.3,79,58.61
2024-04-11T11:00,67.46,73,58.49
2024-04-11T12:00,69.44,69,58.82
2024-04-11T13:00,68.0,74,59.39
2024-04-11T14:00,70.34,66,58.43
2024-04-11T15:00,70.52,68,59.44
2024-04-11T16:00,69.62,73,60.57
2024-04-11T17:00,66.38,86,62.06
2024-04-11T18:00,65.66,87,61.68
2024-04-11T19:00,64.94,88,61.3
2024-04-11T20:00,64.94,88,61.3
2024-04-11T21:00,65.12,94,63.35
2024-04-11T22:00,65.12,94,63.35
2024-04-11T23:00,65.3,93,63.22
2024-04-12T00:00,62.96,100,62.96
2024-04-12T01:00,64.76,97,63.89
2024-04-12T02:00,63.86,98,63.28
2024-04-12T03:00,63.86,97,62.99
2024-04-12T04:00,62.78,96,61.62
2024-04-12T05:00,61.16,97,60.3
2024-04-12T06:00,60.44,96,59.29
2024-04-12T07:00,59.72,92,57.39
2024-04-12T08:00,60.08,89,56.82
2024-04-12T09:00,59.0,100,59.0
2024-04-12T10:00,56.12,100,56.12
2024-04-12T11:00,56.3,90,53.4
2024-04-12T12:00,63.68,52,45.72
2024-04-12T13:00,65.84,42,42.1
2024-04-12T14:00,60.62,56,44.83
2024-04-12T15:00,63.68,48,43.62
2024-04-12T16:00,66.56,39,40.83
2024-04-12T17:00,64.22,39,38.74
2024-04-12T18:00,61.52,47,41.1
2024-04-12T19:00,59.72,48,40.0
2024-04-12T20:00,57.2,54,40.71
2024-04-12T21:00,58.28,46,37.59
2024-04-12T22:00,57.56,47,37.48
2024-04-12T23:00,56.48,49,37.55
2024-04-13T00:00,55.58,51,37.74
2024-04-13T01:00,54.86,55,39.0
2024-04-13T02:00,54.32,58,39.86
2024-04-13T03:00,53.42,60,39.89
2024-04-13T04:00,51.8,61,38.78
2024-04-13T05:00,51.08,57,36.38
2024-04-13T06:00,51.08,56,35.94
2024-04-13T07:00,51.08,59,37.26
2024-04-13T08:00,51.98,60,38.53
2024-04-13T09:00,55.58,52,38.24
2024-04-13T10:00,56.48,47,36.5
2024-04-13T11:00,57.2,46,36.61
2024-04-13T12:00,60.62,36,33.52
2024-04-13T13:00,61.16,36,34.0
2024-04-13T14:00,63.14,29,30.37
2024-04-13T15:00,63.86,29,30.99
2024-04-13T16:00,63.86,30,31.82
2024-04-13T17:00,63.68,29,30.83
2024-04-13T18:00,62.6,32,32.33
2024-04-13T19:00,59.9,38,34.23
2024-04-13T20:00,57.2,40,33.1
2024-04-13T21:00,56.66,39,31.99
2024-04-13T22:00,54.68,42,32.05
2024-04-13T23:00,52.7,46,32.51
2024-04-14T00:00,51.08,50,33.1
2024-04-14T01:00,49.1,58,34.97
2024-04-14T02:00,48.02,59,34.38
2024-04-14T03:00,48.02,60,34.8
2024-04-14T04:00,47.3,64,35.75
2024-04-14T05:00,46.76,64,35.24
2024-04-14T06:00,45.86,66,35.15
2024-04-14T07:00,45.68,69,36.1
2024-04-14T08:00,49.82,66,38.92
2024-04-14T09:00,57.02,56,41.48
2024-04-14T10:00,62.24,48,42.3
2024-04-14T11:00,66.56,38,40.16
2024-04-14T12:00,69.62,34,40.0
2024-04-14T13:00,71.96,34,42.05
2024-04-14T14:00,74.3,33,43.32
2024-04-14T15:00,76.1,34,45.68
2024-04-14T16:00,76.82,36,47.82
2024-04-14T17:00,76.1,38,48.63
2024-04-14T18:00,73.76,42,49.22
2024-04-14T19:00,72.32,46,50.37
2024-04-14T20:00,70.88,46,49.06
2024-04-14T21:00,71.24,42,46.96
2024-04-14T22:00,70.52,44,47.54
2024-04-14T23:00,69.8,44,46.89
2024-04-15T00:00,68.36,45,46.18
2024-04-15T01:00,66.56,47,45.7
2024-04-15T02:00,65.3,51,46.7
2024-04-15T03:00,63.5,54,46.55
2024-04-15T04:00,62.42,57,46.98
2024-04-15T05:00,60.08,62,47.02
2024-04-15T06:00,58.64,64,46.5
2024-04-15T07:00,57.74,67,46.86
2024-04-15T08:00,60.62,68,50.0
2024-04-15T09:00,66.56,63,53.57
2024-04-15T10:00,70.88,57,54.88
2024-04-15T11:00,75.56,51,56.14
2024-04-15T12:00,79.52,39,52.37
2024-04-15T13:00,81.32,38,53.26
2024-04-15T14:00,80.24,42,55.04
2024-04-15T15:00,80.78,40,54.18
2024-04-15T16:00,76.64,52,57.68
2024-04-15T17:00,77.72,51,58.13
2024-04-15T18:00,75.56,59,60.21
2024-04-15T19:00,71.42,71,61.51
2024-04-15T20:00,68.54,75,60.29
2024-04-15T21:00,68.0,75,59.77
2024-04-15T22:00,63.5,83,58.24
2024-04-15T23:00,62.06,84,57.17
2024-04-16T00:00,62.78,79,56.17
2024-04-16T01:00,62.42,81,56.51
2024-04-16T02:00,61.7,53,44.39
2024-04-16T03:00,58.82,49,39.7
2024-04-16T04:00,56.48,50,38.07
2024-04-16T05:00,54.32,53,37.56
2024-04-16T06:00,52.52,55,36.82
2024-04-16T07:00,51.62,58,37.33
2024-04-16T08:00,54.32,63,41.99
2024-04-16T09:00,60.62,52,42.9
2024-04-16T10:00,63.86,43,40.93
2024-04-16T11:00,66.56,38,40.16
2024-04-16T12:00,68.54,36,40.52
2024-04-16T13:00,70.34,34,40.63
2024-04-16T14:00,71.78,33,41.12
2024-04-16T15:00,72.86,34,42.84
2024-04-16T16:00,73.22,36,44.65
2024-04-16T17:00,72.5,38,45.44
2024-04-16T18:00,70.88,46,49.06
2024-04-16T19:00,66.92,60,52.57
2024-04-16T20:00,62.06,65,50.15
2024-04-16T21:00,59.54,53,42.39
2024-04-16T22:00,58.28,56,42.65
2024-04-16T23:00,57.2,58,42.56
2024-04-17T00:00,56.12,54,39.7
2024-04-17T01:00,55.22,50,36.91
2024-04-17T02:00,54.5,52,37.24
2024-04-17T03:00,54.5,51,36.75
2024-04-17T04:00,54.14,51,36.41
2024-04-17T05:00,53.78,51,36.08
2024-04-17T06:00,53.6,52,36.41
2024-04-17T07:00,53.6,54,37.36
2024-04-17T08:00,55.76,58,41.21
2024-04-17T09:00,59.72,68,49.14
2024-04-17T10:00,61.16,65,49.3
2024-04-17T11:00,63.14,62,49.9
2024-04-17T12:00,63.5,63,50.67
2024-04-17T13:00,66.02,63,53.05
2024-04-17T14:00,65.66,67,54.4
2024-04-17T15:00,70.7,61,56.58
2024-04-17T16:00,72.86,59,57.68
2024-04-17T17:00,73.4,60,58.66
2024-04-17T18:00,71.24,67,59.71
2024-04-17T19:00,69.26,74,60.61
2024-04-17T20:00,67.46,77,59.99
2024-04-17T21:00,65.66,82,60.01
2024-04-17T22:00,65.48,83,60.17
2024-04-17T23:00,65.3,82,59.66
2024-04-18T00:00,66.02,77,58.6
2024-04-18T01:00,66.56,72,57.25
2024-04-18T02:00,65.66,72,56.38
2024-04-18T03:00,62.6,80,56.34
2024-04-18T04:00,61.52,84,56.64
2024-04-18T05:00,60.98,85,56.44
2024-04-18T06:00,60.44,86,56.23
2024-04-18T07:00,60.26,87,56.37
2024-04-18T08:00,63.14,84,58.22
2024-04-18T09:00,65.66,78,58.61
2024-04-18T10:00,68.9,68,57.89
2024-04-18T11:00,71.06,56,54.56
2024-04-18T12:00,72.86,51,53.66
2024-04-18T13:00,73.58,47,52.09
2024-04-18T14:00,74.66,45,51.89
2024-04-18T15:00,75.2,44,51.77
2024-04-18T16:00,76.64,42,51.81
2024-04-18T17:00,75.02,44,51.61
2024-04-18T18:00,72.5,56,55.9
2024-04-18T19:00,68.0,70,57.84
2024-04-18T20:00,62.6,76,54.92
2024-04-18T21:00,59.72,77,52.49
2024-04-18T22:00,57.38,80,51.26
2024-04-18T23:00,54.68,81,48.96
2024-04-19T00:00,52.88,83,47.86
2024-04-19T01:00,51.26,85,46.91
2024-04-19T02:00,49.46,87,45.75
2024-04-19T03:00,48.2,89,45.11
2024-04-19T04:00,47.48,91,44.99
2024-04-19T05:00,46.58,93,44.67
2024-04-19T06:00,45.86,95,44.51
2024-04-19T07:00,46.4,93,44.49
2024-04-19T08:00,49.1,84,44.48
2024-04-19T09:00,51.08,82,45.78
2024-04-19T10:00,52.7,78,46.03
2024-04-19T11:00,57.02,71,47.71
2024-04-19T12:00,60.44,66,49.02
2024-04-19T13:00,64.4,61,50.65
2024-04-19T14:00,65.84,59,51.1
2024-04-19T15:00,62.6,65,50.67
2024-04-19T16:00,60.98,76,53.36
2024-04-19T17:00,58.82,87,54.96
2024-04-19T18:00,57.74,85,53.26
2024-04-19T19:00,57.2,88,53.68
2024-04-19T20:00,54.86,91,52.28
2024-04-19T21:00,53.78,88,50.31
2024-04-19T22:00,53.42,88,49.95
2024-04-19T23:00,51.44,93,49.48
2024-04-20T00:00,50.72,95,49.34
2024-04-20T01:00,50.72,96,49.62
2024-04-20T02:00,50.36,97,49.54
2024-04-20T03:00,50.72,98,50.18
2024-04-20T04:00,51.44,98,50.89
2024-04-20T05:00,52.16,98,51.61
2024-04-20T06:00,51.08,99,50.81
2024-04-20T07:00,52.34,98,51.79
2024-04-20T08:00,54.32,97,53.49
2024-04-20T09:00,56.66,87,52.83
2024-04-20T10:00,58.28,84,53.47
2024-04-20T11:00,60.26,77,53.02
2024-04-20T12:00,62.06,65,50.15
2024-04-20T13:00,64.94,51,46.37
2024-04-20T14:00,67.46,39,41.63
2024-04-20T15:00,69.44,32,38.29
2024-04-20T16:00,70.52,29,36.72
2024-04-20T17:00,70.16,28,35.53
2024-04-20T18:00,67.46,32,36.57
2024-04-20T19:00,63.68,36,36.23
2024-04-20T20:00,59.72,39,34.72
2024-04-20T21:00,58.1,43,35.72
2024-04-20T22:00,56.3,42,33.51
2024-04-20T23:00,54.32,45,33.44
2024-04-21T00:00,52.88,47,33.21
2024-04-21T01:00,51.44,46,31.36
2024-04-21T02:00,49.46,47,30.08
2024-04-21T03:00,47.48,47,28.27
2024-04-21T04:00,46.04,48,27.46
2024-04-21T05:00,44.78,50,27.29
2024-04-21T06:00,43.34,53,27.37
2024-04-21T07:00,43.7,54,28.16
2024-04-21T08:00,44.78,52,28.24
2024-04-21T09:00,47.66,47,28.43
2024-04-21T10:00,48.56,50,30.77
2024-04-21T11:00,48.38,53,32.05
2024-04-21T12:00,48.92,52,32.08
2024-04-21T13:00,48.92,52,32.08
2024-04-21T14:00,50.72,49,32.26
2024-04-21T15:00,51.44,47,31.89
2024-04-21T16:00,52.16,45,31.47
2024-04-21T17:00,52.7,43,30.84
2024-04-21T18:00,53.78,42,31.23
2024-04-21T19:00,52.7,50,34.59
2024-04-21T20:00,50.9,50,32.93
2024-04-21T21:00,47.66,54,31.84
2024-04-21T22:00,46.04,58,32.1
2024-04-21T23:00,44.96,59,31.51
2024-04-22T00:00,43.52,64,32.16
2024-04-22T01:00,44.24,55,29.11
2024-04-22T02:00,43.34,54,27.82
2024-04-22T03:00,42.26,56,27.7
2024-04-22T04:00,41.18,59,27.95
2024-04-22T05:00,39.92,62,27.97
2024-04-22T06:00,38.66,65,27.92
2024-04-22T07:00,38.48,68,28.85
2024-04-22T08:00,42.44,63,30.75
2024-04-22T09:00,47.12,52,30.41
2024-04-22T10:00,51.08,42,28.8
2024-04-22T11:00,53.78,37,28.13
2024-04-22T12:00,55.58,37,29.73
2024-04-22T13:00,57.2,35,29.8
2024-04-22T14:00,58.46,33,29.47
2024-04-22T15:00,60.44,29,28.04
2024-04-22T16:00,60.44,29,28.04
2024-04-22T17:00,60.26,29,27.88
2024-04-22T18:00,59.72,31,29.04
2024-04-22T19:00,57.38,45,36.22
2024-04-22T20:00,53.06,53,36.39
2024-04-22T21:00,48.92,61,36.07
2024-04-22T22:00,47.12,65,35.97
2024-04-22T23:00,45.5,72,37.01
2024-04-23T00:00,44.6,75,37.17
2024-04-23T01:00,44.96,73,36.84
2024-04-23T02:00,44.24,72,35.79
2024-04-23T03:00,43.16,72,34.76
2024-04-23T04:00,42.44,72,34.06
2024-04-23T05:00,41.72,74,34.05
2024-04-23T06:00,41.0,76,34.03
2024-04-23T07:00,41.72,76,34.72
2024-04-23T08:00,47.3,70,38.02
2024-04-23T09:00,52.88,59,38.95
2024-04-23T10:00,59.36,47,39.13
2024-04-23T11:00,63.68,30,31.67
2024-04-23T12:00,65.3,27,30.46
2024-04-23T13:00,66.56,28,32.44
2024-04-23T14:00,67.82,28,33.52
2024-04-23T15:00,68.54,26,32.29
2024-04-23T16:00,68.72,27,33.38
2024-04-23T17:00,68.36,28,33.98
2024-04-23T18:00,67.28,33,37.19
2024-04-23T19:00,63.86,41,39.7
2024-04-23T20:00,59.9,46,39.07
2024-04-23T21:00,58.1,50,39.56
2024-04-23T22:00,56.84,53,39.89
2024-04-23T23:00,56.3,55,40.34
2024-04-24T00:00,56.66,56,41.14
2024-04-24T01:00,57.74,53,40.72
2024-04-24T02:00,58.64,50,40.05
2024-04-24T03:00,58.82,49,39.7
2024-04-24T04:00,58.64,51,40.56
2024-04-24T05:00,57.2,57,42.11
2024-04-24T06:00,56.12,61,42.86
2024-04-24T07:00,55.76,61,42.52
2024-04-24T08:00,57.38,63,44.89
2024-04-24T09:00,62.42,57,46.98
2024-04-24T10:00,64.76,51,46.2
2024-04-24T11:00,67.28,45,45.21
2024-04-24T12:00,69.44,38,42.72
2024-04-24T13:00,70.52,36,42.27
2024-04-24T14:00,71.42,32,40.01
2024-04-24T15:00,72.86,29,38.73
2024-04-24T16:00,72.5,27,36.61
2024-04-24T17:00,70.88,29,37.03
2024-04-24T18:00,69.44,32,38.29
2024-04-24T19:00,66.02,40,41.0
2024-04-24T20:00,61.16,48,41.31
2024-04-24T21:00,58.82,56,43.16
2024-04-24T22:00,57.74,60,43.95
2024-04-24T23:00,55.76,61,42.52
2024-04-25T00:00,53.96,63,41.65
2024-04-25T01:00,52.16,67,41.54
2024-04-25T02:00,51.62,68,41.41
2024-04-25T03:00,51.08,70,41.64
2024-04-25T04:00,50.36,73,42.04
2024-04-25T05:00,49.82,71,40.8
2024-04-25T06:00,48.74,69,39.03
2024-04-25T07:00,48.2,67,37.76
2024-04-25T08:00,49.28,65,38.02
2024-04-25T09:00,52.52,71,43.39
2024-04-25T10:00,54.32,66,43.21
2024-04-25T11:00,56.48,60,42.76
2024-04-25T12:00,57.56,56,41.98
2024-04-25T13:00,57.56,56,41.98
2024-04-25T14:00,59.72,52,42.06
2024-04-25T15:00,60.26,52,42.56
2024-04-25T16:00,59.0,53,41.89
2024-04-25T17:00,58.28,54,41.71
2024-04-25T18:00,58.1,53,41.06
2024-04-25T19:00,56.3,58,41.71
2024-04-25T20:00,54.14,62,41.41
2024-04-25T21:00,50.18,74,42.22
2024-04-25T22:00,48.92,72,40.3
2024-04-25T23:00,47.3,72,38.74
2024-04-26T00:00,46.4,73,38.22
2024-04-26T01:00,45.14,74,37.35
2024-04-26T02:00,44.06,78,37.65
2024-04-26T03:00,43.34,81,37.91
2024-04-26T04:00,42.26,85,38.08
2024-04-26T05:00,41.9,88,38.61
2024-04-26T06:00,44.24,86,40.32
2024-04-26T07:00,45.14,85,40.9
2024-04-26T08:00,47.48,77,40.64
2024-04-26T09:00,49.64,65,38.36
2024-04-26T10:00,53.96,48,34.72
2024-04-26T11:00,56.3,33,27.57
2024-04-26T12:00,59.36,25,23.54
2024-04-26T13:00,60.98,27,26.77
2024-04-26T14:00,62.42,33,32.94
2024-04-26T15:00,63.5,33,33.88
2024-04-26T16:00,63.5,33,33.88
2024-04-26T17:00,62.78,31,31.7
2024-04-26T18:00,60.26,29,27.88
2024-04-26T19:00,57.02,34,28.93
2024-04-26T20:00,55.22,36,28.74
2024-04-26T21:00,50.0,50,32.1
2024-04-26T22:00,48.74,55,33.3
2024-04-26T23:00,50.0,57,35.37
2024-04-27T00:00,48.2,66,37.38
2024-04-27T01:00,47.3,73,39.09
2024-04-27T02:00,46.04,79,39.9
2024-04-27T03:00,46.22,81,40.72
2024-04-27T04:00,47.48,80,41.62
2024-04-27T05:00,48.2,78,41.67
2024-04-27T06:00,49.28,76,42.04
2024-04-27T07:00,50.36,75,42.74
2024-04-27T08:00,52.52,72,43.76
2024-04-27T09:00,52.88,69,42.99
2024-04-27T10:00,54.68,66,43.55
2024-04-27T11:00,56.3,63,43.87
2024-04-27T12:00,57.56,62,44.64
2024-04-27T13:00,57.02,67,46.17
2024-04-27T14:00,57.56,70,47.85
2024-04-27T15:00,58.28,72,49.29
2024-04-27T16:00,61.88,64,49.57
2024-04-27T17:00,63.14,60,49.02
2024-04-27T18:00,62.78,61,49.13
2024-04-27T19:00,60.62,66,49.2
2024-04-27T20:00,57.38,74,49.16
2024-04-27T21:00,55.22,81,49.49
2024-04-27T22:00,53.96,83,48.91
2024-04-27T23:00,54.14,83,49.09
2024-04-28T00:00,54.5,84,49.76
2024-04-28T01:00,54.5,86,50.4
2024-04-28T02:00,54.5,90,51.63
2024-04-28T03:00,54.86,92,52.58
2024-04-28T04:00,55.04,93,53.05
2024-04-28T05:00,55.4,93,53.41
2024-04-28T06:00,54.86,95,53.45
2024-04-28T07:00,55.58,93,53.59
2024-04-28T08:00,59.9,84,55.05
2024-04-28T09:00,63.5,78,56.51
2024-04-28T10:00,67.82,69,57.27
2024-04-28T11:00,72.32,62,58.56
2024-04-28T12:00,76.46,54,58.56
2024-04-28T13:00,79.34,49,58.5
2024-04-28T14:00,81.32,45,57.92
2024-04-28T15:00,82.22,43,57.47
2024-04-28T16:00,81.32,45,57.92
2024-04-28T17:00,80.24,48,58.74
2024-04-28T18:00,78.44,55,60.91
2024-04-28T19:00,74.66,65,62.1
2024-04-28T20:00,70.34,71,60.48
2024-04-28T21:00,69.62,72,60.18
2024-04-28T22:00,68.0,77,60.51
2024-04-28T23:00,67.64,76,59.8
2024-04-29T00:00,68.0,71,58.24
2024-04-29T01:00,67.28,70,57.15
2024-04-29T02:00,65.66,73,56.76
2024-04-29T03:00,64.4,75,56.3
2024-04-29T04:00,63.14,78,56.16
2024-04-29T05:00,61.7,82,56.15
2024-04-29T06:00,60.62,84,55.76
2024-04-29T07:00,60.98,84,56.11
2024-04-29T08:00,64.94,78,57.91
2024-04-29T09:00,71.78,68,60.64
2024-04-29T10:00,77.18,59,61.72
2024-04-29T11:00,81.32,51,61.44
2024-04-29T12:00,84.56,43,59.57
2024-04-29T13:00,86.36,38,57.72
2024-04-29T14:00,87.08,37,57.61
2024-04-29T15:00,87.98,37,58.41
2024-04-29T16:00,87.8,37,58.25
2024-04-29T17:00,83.84,42,58.26
2024-04-29T18:00,83.66,47,61.26
2024-04-29T19:00,79.16,68,67.67
2024-04-29T20:00,75.56,65,62.95
2024-04-29T21:00,72.86,67,61.25
2024-04-29T22:00,71.06,70,60.77
2024-04-29T23:00,70.34,68,59.27
2024-04-30T00:00,70.16,56,53.72
2024-04-30T01:00,68.72,56,52.38
2024-04-30T02:00,67.46,57,51.69
2024-04-30T03:00,66.2,59,51.44
2024-04-30T04:00,65.3,60,51.05
2024-04-30T05:00,64.94,62,51.6
2024-04-30T06:00,64.22,65,52.2
2024-04-30T07:00,64.58,67,53.37
2024-04-30T08:00,66.92,65,54.76
2024-04-30T09:00,69.98,59,54.98
2024-04-30T10:00,73.22,54,55.56
2024-04-30T11:00,77.36,48,56.11
2024-04-30T12:00,80.96,42,55.68
2024-04-30T13:00,83.66,39,56.05
2024-04-30T14:00,85.46,36,55.43
2024-04-30T15:00,85.82,35,54.97
2024-04-30T16:00,85.1,34,53.54
2024-04-30T17:00,82.76,36,53.05
2024-04-30T18:00,81.14,41,55.18
2024-04-30T19:00,77.72,47,55.86
2024-04-30T20:00,74.12,54,56.4
2024-04-30T21:00,73.58,56,56.9
2024-04-30T22:00,71.96,61,57.76
2024-04-30T23:00,69.08,71,59.27
2024-05-01T00:00,68.0,77,60.51
2024-05-01T01:00,66.74,83,61.41
2024-05-01T02:00,65.3,87,61.33
2024-05-01T03:00,63.68,92,61.31
2024-05-01T04:00,62.96,95,61.5
2024-05-01T05:00,62.96,96,61.8
2024-05-01T06:00,62.78,97,61.91
2024-05-01T07:00,63.5,93,61.44
2024-05-01T08:00,65.3,87,61.33
2024-05-01T09:00,69.08,76,61.19
2024-05-01T10:00,72.5,62,58.73
2024-05-01T11:00,74.84,51,55.48
2024-05-01T12:00,77.18,43,52.93
2024-05-01T13:00,78.8,38,51.02
2024-05-01T14:00,80.6,35,50.39
2024-05-01T15:00,81.5,32,48.77
2024-05-01T16:00,82.04,30,47.52
2024-05-01T17:00,81.86,29,46.46
2024-05-01T18:00,80.78,31,47.3
2024-05-01T19:00,77.72,43,53.42
2024-05-01T20:00,71.6,52,53.03
2024-05-01T21:00,67.82,67,56.45
2024-05-01T22:00,66.02,70,55.95
2024-05-01T23:00,65.3,70,55.26
2024-05-02T00:00,64.76,81,58.79
2024-05-02T01:00,64.04,89,60.73
2024-05-02T02:00,63.14,94,61.38
2024-05-02T03:00,62.6,97,61.74
2024-05-02T04:00,61.88,97,61.02
2024-05-02T05:00,61.34,97,60.48
2024-05-02T06:00,60.62,97,59.76
2024-05-02T07:00,61.34,96,60.19
2024-05-02T08:00,66.02,86,61.71
2024-05-02T09:00,71.42,73,62.3
2024-05-02T10:00,77.36,54,59.39
2024-05-02T11:00,81.86,40,55.14
2024-05-02T12:00,84.56,36,54.64
2024-05-02T13:00,85.82,34,54.17
2024-05-02T14:00,87.26,33,54.61
2024-05-02T15:00,88.16,30,52.78
2024-05-02T16:00,87.98,30,52.62
2024-05-02T17:00,87.98,30,52.62
2024-05-02T18:00,86.9,32,53.45
2024-05-02T19:00,81.14,48,59.56
2024-05-02T20:00,75.2,56,58.41
2024-05-02T21:00,74.3,52,55.52
2024-05-02T22:00,73.94,49,53.56
2024-05-02T23:00,72.5,51,53.33
2024-05-03T00:00,70.16,56,53.72
2024-05-03T01:00,68.72,61,54.72
2024-05-03T02:00,67.28,65,55.1
2024-05-03T03:00,66.38,68,55.49
2024-05-03T04:00,63.86,73,55.03
2024-05-03T05:00,62.78,76,55.1
2024-05-03T06:00,62.42,85,57.85
2024-05-03T07:00,63.86,79,57.22
2024-05-03T08:00,64.94,65,52.88
2024-05-03T09:00,66.56,65,54.42
2024-05-03T10:00,69.08,62,55.5
2024-05-03T11:00,71.24,58,55.69
2024-05-03T12:00,73.04,54,55.4
2024-05-03T13:00,73.76,52,55.02
2024-05-03T14:00,73.58,52,54.86
2024-05-03T15:00,74.12,50,54.27
2024-05-03T16:00,73.76,49,53.39
2024-05-03T17:00,71.96,50,52.29
2024-05-03T18:00,68.9,54,51.56
2024-05-03T19:00,65.12,60,50.88
2024-05-03T20:00,61.7,66,50.22
2024-05-03T21:00,56.48,76,49.01
2024-05-03T22:00,54.5,77,47.44
2024-05-03T23:00,52.88,79,46.55
2024-05-04T00:00,52.34,80,46.35
2024-05-04T01:00,52.52,79,46.2
2024-05-04T02:00,52.52,79,46.2
2024-05-04T03:00,52.7,79,46.37
2024-05-04T04:00,52.88,79,46.55
2024-05-04T05:00,52.88,80,46.88
2024-05-04T06:00,52.88,82,47.54
2024-05-04T07:00,52.7,87,48.94
2024-05-04T08:00,53.06,91,50.5
2024-05-04T09:00,53.06,95,51.67
2024-05-04T10:00,53.42,95,52.02
2024-05-04T11:00,54.14,95,52.74
2024-05-04T12:00,54.32,95,52.92
2024-05-04T13:00,54.5,93,52.52
2024-05-04T14:00,55.58,89,52.39
2024-05-04T15:00,56.48,87,52.66
2024-05-04T16:00,57.56,85,53.08
2024-05-04T17:00,57.74,83,52.61
2024-05-04T18:00,57.74,82,52.28
2024-05-04T19:00,57.2,84,52.41
2024-05-04T20:00,56.66,85,52.2
2024-05-04T21:00,53.96,86,49.87
2024-05-04T22:00,54.14,85,49.73
2024-05-04T23:00,54.32,86,50.22
2024-05-05T00:00,54.5,87,50.71
2024-05-05T01:00,54.86,88,51.37
2024-05-05T02:00,55.22,87,51.42
2024-05-05T03:00,55.4,87,51.59
2024-05-05T04:00,55.76,88,52.26
2024-05-05T05:00,55.4,93,53.41
2024-05-05T06:00,55.22,100,55.22
2024-05-05T07:00,56.66,100,56.66
2024-05-05T08:00,58.46,100,58.46
2024-05-05T09:00,57.38,100,57.38
2024-05-05T10:00,59.36,100,59.36
2024-05-05T11:00,60.98,99,60.7
2024-05-05T12:00,61.52,100,61.52
2024-05-05T13:00,63.14,98,62.56
2024-05-05T14:00,65.3,94,63.53
2024-05-05T15:00,66.02,100,66.02
2024-05-05T16:00,66.56,96,65.38
2024-05-05T17:00,67.82,97,66.94
2024-05-05T18:00,68.72,94,66.92
2024-05-05T19:00,67.1,94,65.31
2024-05-05T20:00,65.3,98,64.72
2024-05-05T21:00,64.04,100,64.04
2024-05-05T22:00,63.5,100,63.5
2024-05-05T23:00,63.32,100,63.32
2024-05-06T00:00,63.32,100,63.32
2024-05-06T01:00,62.96,100,62.96
2024-05-06T02:00,62.96,100,62.96
2024-05-06T03:00,62.6,100,62.6
2024-05-06T04:00,62.06,100,62.06
2024-05-06T05:00,61.88,100,61.88
2024-05-06T06:00,61.88,100,61.88
2024-05-06T07:00,62.96,100,62.96
2024-05-06T08:00,63.68,99,63.39
2024-05-06T09:00,65.48,99,65.19
2024-05-06T10:00,67.28,94,65.49
2024-05-06T11:00,69.8,86,65.42
2024-05-06T12:00,72.32,77,64.69
2024-05-06T13:00,73.22,76,65.19
2024-05-06T14:00,75.92,69,65.0
2024-05-06T15:00,75.92,68,64.58
2024-05-06T16:00,74.12,73,64.9
2024-05-06T17:00,74.66,72,65.02
2024-05-06T18:00,72.32,85,67.55
2024-05-06T19:00,69.62,91,66.87
2024-05-06T20:00,67.64,96,66.46
2024-05-06T21:00,65.66,100,65.66
2024-05-06T22:00,65.12,100,65.12
2024-05-06T23:00,64.58,100,64.58
2024-05-07T00:00,64.22,100,64.22
2024-05-07T01:00,64.04,100,64.04
2024-05-07T02:00,63.86,100,63.86
2024-05-07T03:00,63.32,100,63.32
2024-05-07T04:00,63.32,100,63.32
2024-05-07T05:00,63.5,100,63.5
2024-05-07T06:00,63.86,99,63.57
2024-05-07T07:00,63.86,100,63.86
2024-05-07T08:00,64.58,100,64.58
2024-05-07T09:00,66.38,100,66.38
2024-05-07T10:00,68.72,95,67.23
2024-05-07T11:00,68.9,95,67.41
2024-05-07T12:00,69.08,93,66.97
2024-05-07T13:00,73.94,81,67.73
2024-05-07T14:00,76.46,69,65.52
2024-05-07T15:00,74.84,74,65.98
2024-05-07T16:00,74.3,75,65.85
2024-05-07T17:00,75.02,75,66.54
2024-05-07T18:00,75.2,75,66.72
2024-05-07T19:00,72.86,85,68.08
2024-05-07T20:00,69.62,91,66.87
2024-05-07T21:00,67.64,96,66.46
2024-05-07T22:00,67.1,95,65.62
2024-05-07T23:00,66.92,95,65.44
2024-05-08T00:00,66.38,95,64.9
2024-05-08T01:00,65.84,96,64.67
2024-05-08T02:00,65.48,95,64.01
2024-05-08T03:00,64.76,96,63.59
2024-05-08T04:00,64.4,96,63.23
2024-05-08T05:00,64.4,96,63.23
2024-05-08T06:00,64.04,96,62.87
2024-05-08T07:00,65.3,95,63.83
2024-05-08T08:00,68.72,91,65.98
2024-05-08T09:00,73.76,86,69.3
2024-05-08T10:00,77.9,74,68.93
2024-05-08T11:00,82.76,59,66.94
2024-05-08T12:00,84.56,50,63.84
2024-05-08T13:00,85.46,45,61.66
2024-05-08T14:00,86.0,41,59.52
2024-05-08T15:00,86.0,41,59.52
2024-05-08T16:00,85.28,44,60.86
2024-05-08T17:00,84.74,46,61.63
2024-05-08T18:00,82.58,51,62.59
2024-05-08T19:00,79.7,61,65.04
2024-05-08T20:00,75.56,67,63.82
2024-05-08T21:00,72.86,72,63.29
2024-05-08T22:00,71.42,74,62.69
2024-05-08T23:00,69.8,78,62.62
2024-05-09T00:00,68.54,80,62.12
2024-05-09T01:00,67.46,77,59.99
2024-05-09T02:00,65.84,74,57.31
2024-05-09T03:00,64.58,74,56.1
2024-05-09T04:00,64.76,72,55.52
2024-05-09T05:00,64.04,73,55.2
2024-05-09T06:00,62.24,72,53.1
2024-05-09T07:00,63.5,67,52.34
2024-05-09T08:00,63.68,65,51.69
2024-05-09T09:00,67.82,68,56.86
2024-05-09T10:00,68.0,70,57.84
2024-05-09T11:00,68.54,68,57.55
2024-05-09T12:00,68.54,65,56.3
2024-05-09T13:00,69.8,61,55.73
2024-05-09T14:00,70.52,59,55.49
2024-05-09T15:00,72.68,56,56.06
2024-05-09T16:00,71.6,55,54.56
2024-05-09T17:00,72.14,56,55.56
2024-05-09T18:00,70.16,60,55.61
2024-05-09T19:00,68.18,66,56.38
2024-05-09T20:00,65.84,69,55.38
2024-05-09T21:00,64.4,65,52.37
2024-05-09T22:00,61.16,74,52.8
2024-05-09T23:00,59.54,81,53.7
2024-05-10T00:00,58.82,82,53.33
2024-05-10T01:00,57.92,85,53.44
2024-05-10T02:00,57.2,95,55.78
2024-05-10T03:00,57.74,94,56.02
2024-05-10T04:00,56.12,97,55.28
2024-05-10T05:00,55.94,97,55.1
2024-05-10T06:00,55.94,98,55.38
2024-05-10T07:00,57.74,98,57.18
2024-05-10T08:00,59.36,92,57.03
2024-05-10T09:00,57.38,95,55.96
2024-05-10T10:00,57.92,94,56.2
2024-05-10T11:00,58.1,97,57.25
2024-05-10T12:00,60.26,90,57.31
2024-05-10T13:00,62.24,81,56.33
2024-05-10T14:00,60.26,83,55.07
2024-05-10T15:00,61.16,78,54.24
2024-05-10T16:00,60.8,75,52.82
2024-05-10T17:00,59.18,74,50.9
2024-05-10T18:00,57.74,74,49.51
2024-05-10T19:00,55.76,76,48.31
2024-05-10T20:00,54.5,77,47.44
2024-05-10T21:00,52.88,81,47.21
2024-05-10T22:00,52.52,82,47.18
2024-05-10T23:00,52.16,80,46.18
2024-05-11T00:00,51.8,82,46.48
2024-05-11T01:00,51.44,81,45.81
2024-05-11T02:00,51.08,80,45.13
2024-05-11T03:00,50.72,81,45.1
2024-05-11T04:00,50.0,84,45.36
2024-05-11T05:00,47.84,90,45.05
2024-05-11T06:00,46.76,94,45.13
2024-05-11T07:00,48.02,93,46.09
2024-05-11T08:00,51.62,82,46.31
2024-05-11T09:00,53.78,68,43.47
2024-05-11T10:00,56.84,57,41.77
2024-05-11T11:00,59.72,50,41.05
2024-05-11T12:00,61.7,48,41.81
2024-05-11T13:00,61.16,48,41.31
2024-05-11T14:00,61.34,49,42.01
2024-05-11T15:00,60.98,52,43.23
2024-05-11T16:00,62.24,49,42.84
2024-05-11T17:00,62.42,50,43.53
2024-05-11T18:00,61.34,58,46.43
2024-05-11T19:00,59.54,63,46.93
2024-05-11T20:00,56.48,72,47.56
2024-05-11T21:00,52.7,93,50.73
2024-05-11T22:00,50.54,93,48.59
2024-05-11T23:00,49.82,93,47.88
2024-05-12T00:00,50.0,94,48.34
2024-05-12T01:00,50.72,94,49.06
2024-05-12T02:00,49.82,100,49.82
2024-05-12T03:00,50.54,97,49.72
2024-05-12T04:00,49.46,98,48.92
2024-05-12T05:00,49.28,98,48.74
2024-05-12T06:00,48.74,100,48.74
2024-05-12T07:00,49.82,99,49.55
2024-05-12T08:00,52.88,96,51.77
2024-05-12T09:00,55.58,88,52.08
2024-05-12T10:00,59.18,72,50.16
2024-05-12T11:00,62.06,59,47.56
2024-05-12T12:00,63.5,53,46.06
2024-05-12T13:00,59.0,67,48.06
2024-05-12T14:00,62.78,58,47.78
2024-05-12T15:00,64.94,52,46.88
2024-05-12T16:00,64.58,53,47.06
2024-05-12T17:00,64.04,51,45.54
2024-05-12T18:00,64.22,52,46.22
2024-05-12T19:00,62.06,63,49.31
2024-05-12T20:00,58.64,75,50.74
2024-05-12T21:00,54.14,91,51.57
2024-05-12T22:00,51.98,97,51.15
2024-05-12T23:00,51.62,94,49.95
2024-05-13T00:00,51.62,91,49.08
2024-05-13T01:00,50.54,92,48.3
2024-05-13T02:00,49.28,94,47.63
2024-05-13T03:00,49.28,93,47.34
2024-05-13T04:00,49.46,94,47.81
2024-05-13T05:00,49.1,96,48.01
2024-05-13T06:00,49.1,98,48.56
2024-05-13T07:00,51.26,98,50.71
2024-05-13T08:00,56.48,89,53.28
2024-05-13T09:00,59.9,77,52.67
2024-05-13T10:00,63.5,64,51.1
2024-05-13T11:00,66.74,54,49.56
2024-05-13T12:00,69.08,51,50.18
2024-05-13T13:00,70.52,50,50.97
2024-05-13T14:00,72.14,47,50.78
2024-05-13T15:00,72.86,45,50.26
2024-05-13T16:00,73.4,44,50.15
2024-05-13T17:00,73.04,43,49.2
2024-05-13T18:00,72.14,50,52.46
2024-05-13T19:00,68.9,61,54.89
2024-05-13T20:00,64.04,69,53.66
2024-05-13T21:00,61.52,78,54.59
2024-05-13T22:00,60.98,78,54.07
2024-05-13T23:00,60.44,77,53.19
2024-05-14T00:00,59.54,79,53.02
2024-05-14T01:00,58.28,82,52.81
2024-05-14T02:00,57.74,84,52.94
2024-05-14T03:00,57.38,85,52.91
2024-05-14T04:00,57.74,83,52.61
2024-05-14T05:00,59.0,80,52.84
2024-05-14T06:00,60.08,79,53.54
2024-05-14T07:00,60.08,83,54.9
2024-05-14T08:00,62.78,82,57.2
2024-05-14T09:00,63.5,82,57.9
2024-05-14T10:00,63.86,82,58.25
2024-05-14T11:00,68.36,73,59.36
2024-05-14T12:00,68.36,74,59.74
2024-05-14T13:00,67.82,77,60.34
2024-05-14T14:00,68.18,78,61.05
2024-05-14T15:00,66.56,84,61.57
2024-05-14T16:00,65.48,90,62.47
2024-05-14T17:00,64.4,100,64.4
2024-05-14T18:00,64.04,100,64.04
2024-05-14T19:00,63.5,100,63.5
2024-05-14T20:00,62.96,100,62.96
2024-05-14T21:00,60.98,100,60.98
2024-05-14T22:00,61.16,100,61.16
2024-05-14T23:00,60.08,100,60.08
2024-05-15T00:00,58.64,100,58.64
2024-05-15T01:00,58.82,100,58.82
2024-05-15T02:00,59.54,97,58.69
2024-05-15T03:00,58.82,100,58.82
2024-05-15T04:00,58.82,100,58.82
2024-05-15T05:00,58.46,97,57.61
2024-05-15T06:00,57.92,98,57.36
2024-05-15T07:00,58.1,98,57.54
2024-05-15T08:00,58.82,98,58.26
2024-05-15T09:00,58.28,100,58.28
2024-05-15T10:00,59.18,100,59.18
2024-05-15T11:00,60.26,97,59.4
2024-05-15T12:00,61.16,96,60.01
2024-05-15T13:00,63.86,86,59.59
2024-05-15T14:00,65.84,78,58.78
2024-05-15T15:00,66.92,75,58.73
2024-05-15T16:00,67.46,74,58.87
2024-05-15T17:00,67.46,74,58.87
2024-05-15T18:00,67.46,73,58.49
2024-05-15T19:00,66.02,79,59.31
2024-05-15T20:00,64.76,81,58.79
2024-05-15T21:00,61.7,90,58.73
2024-05-15T22:00,61.52,90,58.56
2024-05-15T23:00,60.44,93,58.4
2024-05-16T00:00,58.64,97,57.79
2024-05-16T01:00,58.1,97,57.25
2024-05-16T02:00,57.56,97,56.71
2024-05-16T03:00,56.84,97,56.0
2024-05-16T04:00,56.48,97,55.64
2024-05-16T05:00,56.12,96,54.99
2024-05-16T06:00,55.76,96,54.64
2024-05-16T07:00,57.38,92,55.07
2024-05-16T08:00,60.62,88,57.04
2024-05-16T09:00,65.3,79,58.61
2024-05-16T10:00,68.72,67,57.31
2024-05-16T11:00,71.42,59,56.33
2024-05-16T12:00,73.58,52,54.86
2024-05-16T13:00,74.3,50,54.44
2024-05-16T14:00,75.56,48,54.47
2024-05-16T15:00,77.18,44,53.56
2024-05-16T16:00,75.92,49,55.37
2024-05-16T17:00,75.02,56,58.24
2024-05-16T18:00,74.48,59,59.2
2024-05-16T19:00,71.6,66,59.63
2024-05-16T20:00,67.64,77,60.16
2024-05-16T21:00,65.66,84,60.69
2024-05-16T22:00,64.76,83,59.47
2024-05-16T23:00,63.32,85,58.73
2024-05-17T00:00,61.7,88,58.11
2024-05-17T01:00,60.08,92,57.75
2024-05-17T02:00,59.18,94,57.45
2024-05-17T03:00,58.46,94,56.74
2024-05-17T04:00,57.92,95,56.5
2024-05-17T05:00,57.92,96,56.79
2024-05-17T06:00,57.56,96,56.43
2024-05-17T07:00,59.18,95,57.75
2024-05-17T08:00,62.78,86,58.53
2024-05-17T09:00,65.3,77,57.9
2024-05-17T10:00,65.84,76,58.06
2024-05-17T11:00,66.74,76,58.93
2024-05-17T12:00,67.64,74,59.05
2024-05-17T13:00,69.08,71,59.27
2024-05-17T14:00,69.08,72,59.66
2024-05-17T15:00,70.34,69,59.68
2024-05-17T16:00,69.98,70,59.74
2024-05-17T17:00,68.72,76,60.84
2024-05-17T18:00,67.1,80,60.72
2024-05-17T19:00,65.66,81,59.66
2024-05-17T20:00,63.68,85,59.08
2024-05-17T21:00,61.16,90,58.2
2024-05-17T22:00,59.72,92,57.39
2024-05-17T23:00,58.46,95,57.03
2024-05-18T00:00,58.1,96,56.96
2024-05-18T01:00,57.74,96,56.61
2024-05-18T02:00,58.82,93,56.8
2024-05-18T03:00,59.0,93,56.98
2024-05-18T04:00,59.0,95,57.57
2024-05-18T05:00,59.0,94,57.27
2024-05-18T06:00,58.82,94,57.1
2024-05-18T07:00,59.0,94,57.27
2024-05-18T08:00,58.46,100,58.46
2024-05-18T09:00,59.9,100,59.9
2024-05-18T10:00,59.54,100,59.54
2024-05-18T11:00,59.9,100,59.9
2024-05-18T12:00,60.62,93,58.58
2024-05-18T13:00,60.98,94,59.24
2024-05-18T14:00,61.16,100,61.16
2024-05-18T15:00,61.7,96,60.55
2024-05-18T16:00,63.14,89,59.84
2024-05-18T17:00,63.14,90,60.16
2024-05-18T18:00,62.96,92,60.6
2024-05-18T19:00,62.42,94,60.67
2024-05-18T20:00,61.52,97,60.66
2024-05-18T21:00,60.8,100,60.8
2024-05-18T22:00,60.26,100,60.26
2024-05-18T23:00,59.9,100,59.9
2024-05-19T00:00,60.26,100,60.26
2024-05-19T01:00,60.26,100,60.26
2024-05-19T02:00,60.26,99,59.98
2024-05-19T03:00,59.9,98,59.33
2024-05-19T04:00,59.72,98,59.15
2024-05-19T05:00,59.36,98,58.79
2024-05-19T06:00,59.18,98,58.61
2024-05-19T07:00,59.36,98,58.79
2024-05-19T08:00,60.98,94,59.24
2024-05-19T09:00,64.22,85,59.61
2024-05-19T10:00,65.12,82,59.48
2024-05-19T11:00,66.38,78,59.31
2024-05-19T12:00,68.0,76,60.14
2024-05-19T13:00,68.54,74,59.91
2024-05-19T14:00,70.34,70,60.08
2024-05-19T15:00,71.42,68,60.29
2024-05-19T16:00,71.96,66,59.97
2024-05-19T17:00,71.78,67,60.22
2024-05-19T18:00,71.6,70,61.28
2024-05-19T19:00,69.44,83,64.04
2024-05-19T20:00,66.92,89,63.57
2024-05-19T21:00,64.04,94,62.28
2024-05-19T22:00,64.4,92,62.02
2024-05-19T23:00,62.06,95,60.61
2024-05-20T00:00,60.08,97,59.22
2024-05-20T01:00,58.64,99,58.36
2024-05-20T02:00,57.74,100,57.74
2024-05-20T03:00,56.84,100,56.84
2024-05-20T04:00,56.48,99,56.2
2024-05-20T05:00,56.3,99,56.02
2024-05-20T06:00,55.94,99,55.66
2024-05-20T07:00,56.48,99,56.2
2024-05-20T08:00,59.9,90,56.96
2024-05-20T09:00,60.26,86,56.05
2024-05-20T10:00,63.32,81,57.38
2024-05-20T11:00,66.56,76,58.75
2024-05-20T12:00,69.62,71,59.79
2024-05-20T13:00,71.42,69,60.71
2024-05-20T14:00,72.14,68,60.98
2024-05-20T15:00,73.4,65,60.9
2024-05-20T16:00,74.66,61,60.3
2024-05-20T17:00,75.02,59,59.7
2024-05-20T18:00,74.48,64,61.49
2024-05-20T19:00,72.14,76,64.14
2024-05-20T20:00,67.64,87,63.63
2024-05-20T21:00,65.84,90,62.82
2024-05-20T22:00,64.58,91,61.89
2024-05-20T23:00,62.78,92,60.42
2024-05-21T00:00,61.52,93,59.47
2024-05-21T01:00,60.62,94,58.88
2024-05-21T02:00,59.72,97,58.87
2024-05-21T03:00,59.18,97,58.33
2024-05-21T04:00,58.64,98,58.08
2024-05-21T05:00,58.28,98,57.72
2024-05-21T06:00,57.74,98,57.18
2024-05-21T07:00,59.36,97,58.51
2024-05-21T08:00,63.5,90,60.51
2024-05-21T09:00,67.82,84,62.8
2024-05-21T10:00,71.96,77,64.34
2024-05-21T11:00,75.2,68,63.9
2024-05-21T12:00,77.36,60,62.37
2024-05-21T13:00,78.62,54,60.56
2024-05-21T14:00,79.34,50,59.06
2024-05-21T15:00,79.7,45,56.45
2024-05-21T16:00,79.88,42,54.71
2024-05-21T17:00,79.7,46,57.06
2024-05-21T18:00,78.8,60,63.72
2024-05-21T19:00,74.48,74,65.63
2024-05-21T20:00,69.26,77,61.73
2024-05-21T21:00,66.56,74,58.01
2024-05-21T22:00,64.94,77,57.55
2024-05-21T23:00,64.04,79,57.39
2024-05-22T00:00,62.96,82,57.37
2024-05-22T01:00,62.06,84,57.17
2024-05-22T02:00,61.16,88,57.57
2024-05-22T03:00,60.8,93,58.76
2024-05-22T04:00,60.8,96,59.65
2024-05-22T05:00,60.62,97,59.76
2024-05-22T06:00,60.44,97,59.58
2024-05-22T07:00,62.78,92,60.42
2024-05-22T08:00,66.38,85,61.73
2024-05-22T09:00,71.06,76,63.1
2024-05-22T10:00,73.4,72,63.81
2024-05-22T11:00,76.82,68,65.44
2024-05-22T12:00,80.06,63,66.31
2024-05-22T13:00,82.22,59,66.44
2024-05-22T14:00,83.48,56,66.1
2024-05-22T15:00,84.2,56,66.77
2024-05-22T16:00,84.2,56,66.77
2024-05-22T17:00,84.56,54,66.05
2024-05-22T18:00,82.94,63,69.02
2024-05-22T19:00,79.16,70,68.51
2024-05-22T20:00,76.46,73,67.15
2024-05-22T21:00,76.1,72,66.4
2024-05-22T22:00,74.84,75,66.37
2024-05-22T23:00,73.58,78,66.29
2024-05-23T00:00,72.68,80,66.14
2024-05-23T01:00,72.14,80,65.62
2024-05-23T02:00,71.06,80,64.57
2024-05-23T03:00,70.34,80,63.87
2024-05-23T04:00,69.44,81,63.35
2024-05-23T05:00,68.54,83,63.16
2024-05-23T06:00,67.28,87,63.27
2024-05-23T07:00,68.18,87,64.16
2024-05-23T08:00,70.7,83,65.27
2024-05-23T09:00,69.26,95,67.76
2024-05-23T10:00,70.88,92,68.43
2024-05-23T11:00,73.4,86,68.95
2024-05-23T12:00,76.82,75,68.28
2024-05-23T13:00,78.98,68,67.5
2024-05-23T14:00,80.6,64,67.27
2024-05-23T15:00,80.96,64,67.61
2024-05-23T16:00,80.96,63,67.16
2024-05-23T17:00,79.88,66,67.48
2024-05-23T18:00,77.0,83,71.43
2024-05-23T19:00,73.94,95,72.41
2024-05-23T20:00,72.32,97,71.42
2024-05-23T21:00,69.8,96,68.61
2024-05-23T22:00,68.9,95,67.41
2024-05-23T23:00,68.9,95,67.41
2024-05-24T00:00,68.9,94,67.1
2024-05-24T01:00,68.36,94,66.56
2024-05-24T02:00,67.82,95,66.33
2024-05-24T03:00,66.92,97,66.04
2024-05-24T04:00,66.38,98,65.8
2024-05-24T05:00,65.3,98,64.72
2024-05-24T06:00,65.84,97,64.96
2024-05-24T07:00,66.56,96,65.38
2024-05-24T08:00,68.9,94,67.1
2024-05-24T09:00,70.34,95,68.84
2024-05-24T10:00,68.36,99,68.07
2024-05-24T11:00,70.34,91,67.58
2024-05-24T12:00,74.66,78,67.33
2024-05-24T13:00,77.9,68,66.47
2024-05-24T14:00,80.06,63,66.31
2024-05-24T15:00,80.78,60,65.58
2024-05-24T16:00,81.32,59,65.6
2024-05-24T17:00,80.96,58,64.77
2024-05-24T18:00,76.82,69,65.86
2024-05-24T19:00,72.32,85,67.55
2024-05-24T20:00,69.98,93,67.86
2024-05-24T21:00,70.7,90,67.62
2024-05-24T22:00,68.72,95,67.23
2024-05-24T23:00,68.0,96,66.81
2024-05-25T00:00,67.64,97,66.76
2024-05-25T01:00,67.28,98,66.69
2024-05-25T02:00,67.1,98,66.51
2024-05-25T03:00,66.2,98,65.62
2024-05-25T04:00,64.94,99,64.65
2024-05-25T05:00,64.58,99,64.29
2024-05-25T06:00,63.68,99,63.39
2024-05-25T07:00,64.94,99,64.65
2024-05-25T08:00,69.8,93,67.68
2024-05-25T09:00,75.56,84,70.37
2024-05-25T10:00,79.34,67,67.41
2024-05-25T11:00,81.86,50,61.37
2024-05-25T12:00,83.12,43,58.28
2024-05-25T13:00,83.12,42,57.62
2024-05-25T14:00,83.48,40,56.59
2024-05-25T15:00,83.84,39,56.21
2024-05-25T16:00,83.84,42,58.26
2024-05-25T17:00,82.4,46,59.51
2024-05-25T18:00,81.86,52,62.48
2024-05-25T19:00,78.8,66,66.46
2024-05-25T20:00,74.84,74,65.98
2024-05-25T21:00,73.4,73,64.21
2024-05-25T22:00,70.7,83,65.27
2024-05-25T23:00,70.34,89,66.94
2024-05-26T00:00,68.72,91,65.98
2024-05-26T01:00,68.18,91,65.45
2024-05-26T02:00,67.46,93,65.36
2024-05-26T03:00,66.74,95,65.26
2024-05-26T04:00,65.66,97,64.78
2024-05-26T05:00,64.58,98,64.0
2024-05-26T06:00,65.84,97,64.96
2024-05-26T07:00,66.74,96,65.56
2024-05-26T08:00,69.8,94,67.99
2024-05-26T09:00,74.48,80,67.89
2024-05-26T10:00,77.54,71,67.38
2024-05-26T11:00,80.06,64,66.76
2024-05-26T12:00,81.68,60,66.42
2024-05-26T13:00,83.66,56,66.27
2024-05-26T14:00,84.2,55,66.25
2024-05-26T15:00,85.46,52,65.8
2024-05-26T16:00,78.26,76,70.06
2024-05-26T17:00,78.26,79,71.2
2024-05-26T18:00,79.34,74,70.31
2024-05-26T19:00,78.08,76,69.88
2024-05-26T20:00,75.02,84,69.85
2024-05-26T21:00,69.8,93,67.68
2024-05-26T22:00,69.08,96,67.89
2024-05-26T23:00,67.28,100,67.28
2024-05-27T00:00,68.36,100,68.36
2024-05-27T01:00,68.9,98,68.31
2024-05-27T02:00,68.72,98,68.13
2024-05-27T03:00,68.18,98,67.59
2024-05-27T04:00,67.64,98,67.05
2024-05-27T05:00,67.28,99,66.99
2024-05-27T06:00,66.92,99,66.63
2024-05-27T07:00,68.18,99,67.89
2024-05-27T08:00,70.52,93,68.39
2024-05-27T09:00,71.42,91,68.65
2024-05-27T10:00,71.78,89,68.36
2024-05-27T11:00,69.98,96,68.78
2024-05-27T12:00,73.4,90,70.28
2024-05-27T13:00,74.3,91,71.5
2024-05-27T14:00,75.56,87,71.41
2024-05-27T15:00,79.7,76,71.45
2024-05-27T16:00,75.38,86,70.89
2024-05-27T17:00,78.08,80,71.39
2024-05-27T18:00,79.88,73,70.43
2024-05-27T19:00,79.34,70,68.68
2024-05-27T20:00,77.36,68,65.95
2024-05-27T21:00,66.56,97,65.68
2024-05-27T22:00,67.1,93,65.0
2024-05-27T23:00,66.92,91,64.2
2024-05-28T00:00,66.2,94,64.42
2024-05-28T01:00,66.2,95,64.72
2024-05-28T02:00,65.66,94,63.88
2024-05-28T03:00,64.4,93,62.33
2024-05-28T04:00,63.32,94,61.56
2024-05-28T05:00,62.96,95,61.5
2024-05-28T06:00,62.24,95,60.79
2024-05-28T07:00,63.32,94,61.56
2024-05-28T08:00,66.38,88,62.71
2024-05-28T09:00,72.5,62,58.73
2024-05-28T10:00,75.02,52,56.18
2024-05-28T11:00,77.18,48,55.95
2024-05-28T12:00,78.98,45,55.8
2024-05-28T13:00,80.06,44,56.16
2024-05-28T14:00,80.42,43,55.85
2024-05-28T15:00,80.6,41,54.7
2024-05-28T16:00,79.88,39,52.69
2024-05-28T17:00,79.16,41,53.41
2024-05-28T18:00,78.44,45,55.31
2024-05-28T19:00,75.56,52,56.68
2024-05-28T20:00,72.32,57,56.22
2024-05-28T21:00,68.9,62,55.33
2024-05-28T22:00,68.54,60,54.09
2024-05-28T23:00,67.82,61,53.87
2024-05-29T00:00,66.02,64,53.48
2024-05-29T01:00,64.22,67,53.03
2024-05-29T02:00,62.78,69,52.45
2024-05-29T03:00,61.7,71,52.2
2024-05-29T04:00,60.62,74,52.28
2024-05-29T05:00,59.36,78,52.5
2024-05-29T06:00,58.82,81,53.0
2024-05-29T07:00,60.8,80,54.59
2024-05-29T08:00,64.22,75,56.12
2024-05-29T09:00,68.18,67,56.8
2024-05-29T10:00,71.06,58,55.52
2024-05-29T11:00,73.58,54,55.9
2024-05-29T12:00,74.84,52,56.02
2024-05-29T13:00,75.38,51,55.98
2024-05-29T14:00,76.46,49,55.86
2024-05-29T15:00,65.66,87,61.68
2024-05-29T16:00,69.98,77,62.43
2024-05-29T17:00,70.88,71,61.0
2024-05-29T18:00,70.34,74,61.65
2024-05-29T19:00,62.42,95,60.97
2024-05-29T20:00,61.52,98,60.95
2024-05-29T21:00,61.7,96,60.55
2024-05-29T22:00,61.52,94,59.77
2024-05-29T23:00,60.44,90,57.49
2024-05-30T00:00,58.64,85,54.14
2024-05-30T01:00,57.56,81,51.77
2024-05-30T02:00,56.48,84,51.7
2024-05-30T03:00,55.76,87,51.95
2024-05-30T04:00,55.4,89,52.21
2024-05-30T05:00,55.22,89,52.03
2024-05-30T06:00,54.86,89,51.68
2024-05-30T07:00,56.48,86,52.34
2024-05-30T08:00,59.36,80,53.19
2024-05-30T09:00,62.6,71,53.06
2024-05-30T10:00,65.12,59,50.43
2024-05-30T11:00,67.28,52,49.04
2024-05-30T12:00,69.08,47,47.99
2024-05-30T13:00,70.52,43,46.93
2024-05-30T14:00,71.24,39,45.0
2024-05-30T15:00,71.42,39,45.16
2024-05-30T16:00,71.96,38,44.96
2024-05-30T17:00,71.6,41,46.64
2024-05-30T18:00,70.7,43,47.1
2024-05-30T19:00,68.18,50,48.82
2024-05-30T20:00,64.4,53,46.89
2024-05-30T21:00,62.06,52,44.23
2024-05-30T22:00,61.52,47,41.1
2024-05-30T23:00,60.26,48,40.49
2024-05-31T00:00,58.82,51,40.73
2024-05-31T01:00,57.38,54,40.87
2024-05-31T02:00,56.12,57,41.1
2024-05-31T03:00,55.22,60,41.58
2024-05-31T04:00,53.6,64,41.72
2024-05-31T05:00,52.88,63,40.63
2024-05-31T06:00,51.98,62,39.37
2024-05-31T07:00,53.06,65,41.61
2024-05-31T08:00,56.48,64,44.45
2024-05-31T09:00,60.8,54,44.05
2024-05-31T10:00,64.22,47,43.56
2024-05-31T11:00,66.74,43,43.52
2024-05-31T12:00,68.72,39,42.75
2024-05-31T13:00,70.34,36,42.11
2024-05-31T14:00,71.42,35,42.33
2024-05-31T15:00,72.14,34,42.21
2024-05-31T16:00,72.5,34,42.52
2024-05-31T17:00,72.5,35,43.28
2024-05-31T18:00,71.96,41,46.96
2024-05-31T19:00,68.72,68,57.72
2024-05-31T20:00,65.48,75,57.34
2024-05-31T21:00,62.42,64,50.08
2024-05-31T22:00,60.8,68,50.17
2024-05-31T23:00,59.54,69,49.36
2024-06-01T00:00,57.74,72,48.77
2024-06-01T01:00,57.02,69,46.95
2024-06-01T02:00,56.3,68,45.88
2024-06-01T03:00,54.86,71,45.64
2024-06-01T04:00,54.14,72,45.31
2024-06-01T05:00,53.42,75,45.7
2024-06-01T06:00,53.24,76,45.87
2024-06-01T07:00,55.22,77,48.14
2024-06-01T08:00,60.26,74,51.94
2024-06-01T09:00,65.48,64,52.97
2024-06-01T10:00,70.7,53,52.72
2024-06-01T11:00,74.3,43,50.34
2024-06-01T12:00,76.46,36,47.51
2024-06-01T13:00,77.36,33,45.99
2024-06-01T14:00,78.26,31,45.12
2024-06-01T15:00,79.16,31,45.9
2024-06-01T16:00,79.52,31,46.21
2024-06-01T17:00,79.16,33,47.56
2024-06-01T18:00,77.36,45,54.34
2024-06-01T19:00,73.04,53,54.88
2024-06-01T20:00,69.08,59,54.14
2024-06-01T21:00,65.84,53,48.22
2024-06-01T22:00,64.22,56,48.19
2024-06-01T23:00,62.78,66,51.25
2024-06-02T00:00,62.96,69,52.63
2024-06-02T01:00,62.78,68,52.06
2024-06-02T02:00,62.06,68,51.37
2024-06-02T03:00,61.52,71,52.02
2024-06-02T04:00,60.98,72,51.89
2024-06-02T05:00,60.26,73,51.57
2024-06-02T06:00,60.08,73,51.39
2024-06-02T07:00,61.34,71,51.85
2024-06-02T08:00,63.32,68,52.57
2024-06-02T09:00,66.38,68,55.49
2024-06-02T10:00,68.0,67,56.62
2024-06-02T11:00,72.32,62,58.56
2024-06-02T12:00,76.82,55,59.41
2024-06-02T13:00,80.96,42,55.68
2024-06-02T14:00,82.04,40,55.3
2024-06-02T15:00,83.12,40,56.27
2024-06-02T16:00,79.34,49,58.5
2024-06-02T17:00,79.16,52,60.0
2024-06-02T18:00,79.52,51,59.78
2024-06-02T19:00,72.14,74,63.38
2024-06-02T20:00,70.16,80,63.69
2024-06-02T21:00,70.16,80,63.69
2024-06-02T22:00,69.98,81,63.87
2024-06-02T23:00,69.62,82,63.87
2024-06-03T00:00,68.0,85,63.32
2024-06-03T01:00,66.74,87,62.74
2024-06-03T02:00,65.66,89,62.33
2024-06-03T03:00,65.12,92,62.73
2024-06-03T04:00,65.12,92,62.73
2024-06-03T05:00,64.94,93,62.86
2024-06-03T06:00,63.68,97,62.81
2024-06-03T07:00,65.3,95,63.83
2024-06-03T08:00,68.72,87,64.69
2024-06-03T09:00,73.58,76,65.54
2024-06-03T10:00,76.1,68,64.75
2024-06-03T11:00,78.44,63,64.78
2024-06-03T12:00,78.62,62,64.49
2024-06-03T13:00,78.98,61,64.36
2024-06-03T14:00,80.6,59,64.92
2024-06-03T15:00,80.96,57,64.27
2024-06-03T16:00,81.5,57,64.77
2024-06-03T17:00,82.04,56,64.77
2024-06-03T18:00,81.32,57,64.6
2024-06-03T19:00,77.72,72,67.95
2024-06-03T20:00,74.12,80,67.54
2024-06-03T21:00,70.7,92,68.26
2024-06-03T22:00,68.9,94,67.1
2024-06-03T23:00,69.26,92,66.83
2024-06-04T00:00,68.18,91,65.45
2024-06-04T01:00,67.1,92,64.69
2024-06-04T02:00,66.38,93,64.29
2024-06-04T03:00,65.12,96,63.95
2024-06-04T04:00,63.32,98,62.74
2024-06-04T05:00,63.32,97,62.45
2024-06-04T06:00,63.5,95,62.04
2024-06-04T07:00,66.74,92,64.34
2024-06-04T08:00,71.24,88,67.5
2024-06-04T09:00,75.2,85,70.37
2024-06-04T10:00,78.98,71,68.75
2024-06-04T11:00,81.5,58,65.27
2024-06-04T12:00,82.58,55,64.75
2024-06-04T13:00,84.02,52,64.47
2024-06-04T14:00,85.1,50,64.34
2024-06-04T15:00,85.64,48,63.66
2024-06-04T16:00,84.92,49,63.59
2024-06-04T17:00,81.68,55,63.92
2024-06-04T18:00,77.9,68,66.47
2024-06-04T19:00,77.0,71,66.86
2024-06-04T20:00,75.02,76,66.93
2024-06-04T21:00,73.22,80,66.67
2024-06-04T22:00,71.6,82,65.8
2024-06-04T23:00,69.98,85,65.26
2024-06-05T00:00,69.26,88,65.55
2024-06-05T01:00,68.18,93,66.07
2024-06-05T02:00,66.92,98,66.34
2024-06-05T03:00,66.38,99,66.09
2024-06-05T04:00,66.38,99,66.09
2024-06-05T05:00,66.38,99,66.09
2024-06-05T06:00,66.56,99,66.27
2024-06-05T07:00,68.18,95,66.69
2024-06-05T08:00,71.42,87,67.34
2024-06-05T09:00,72.68,88,68.91
2024-06-05T10:00,75.02,85,70.19
2024-06-05T11:00,74.66,85,69.84
2024-06-05T12:00,76.1,82,70.19
2024-06-05T13:00,77.72,76,69.53
2024-06-05T14:00,80.42,70,69.72
2024-06-05T15:00,77.54,76,69.36
2024-06-05T16:00,73.4,90,70.28
2024-06-05T17:00,71.78,96,70.57
2024-06-05T18:00,73.76,93,71.6
2024-06-05T19:00,74.66,92,72.17
2024-06-05T20:00,72.86,97,71.96
2024-06-05T21:00,73.4,92,70.93
2024-06-05T22:00,73.76,88,69.98
2024-06-05T23:00,73.4,87,69.29
2024-06-06T00:00,73.22,87,69.11
2024-06-06T01:00,73.22,87,69.11
2024-06-06T02:00,73.04,87,68.93
2024-06-06T03:00,72.68,88,68.91
2024-06-06T04:00,71.96,91,69.18
2024-06-06T05:00,71.06,93,68.93
2024-06-06T06:00,70.7,92,68.26
2024-06-06T07:00,71.24,92,68.79
2024-06-06T08:00,73.22,87,69.11
2024-06-06T09:00,76.64,81,70.36
2024-06-06T10:00,78.8,75,70.19
2024-06-06T11:00,79.52,72,69.68
2024-06-06T12:00,78.44,75,69.84
2024-06-06T13:00,80.06,72,70.2
2024-06-06T14:00,82.58,66,70.05
2024-06-06T15:00,84.02,64,70.5
2024-06-06T16:00,84.38,63,70.38
2024-06-06T17:00,80.6,69,69.47
2024-06-06T18:00,73.76,94,71.92
2024-06-06T19:00,75.38,93,73.21
2024-06-06T20:00,75.02,91,72.21
2024-06-06T21:00,73.22,97,72.31
2024-06-06T22:00,73.94,97,73.03
2024-06-06T23:00,73.04,97,72.14
2024-06-07T00:00,72.32,97,71.42
2024-06-07T01:00,71.06,96,69.86
2024-06-07T02:00,70.52,95,69.01
2024-06-07T03:00,69.08,95,67.58
2024-06-07T04:00,67.1,91,64.38
2024-06-07T05:00,66.2,92,63.8
2024-06-07T06:00,64.76,95,63.29
2024-06-07T07:00,66.2,92,63.8
2024-06-07T08:00,69.62,87,65.57
2024-06-07T09:00,74.66,71,64.62
2024-06-07T10:00,78.8,53,60.2
2024-06-07T11:00,80.78,40,54.18
2024-06-07T12:00,81.86,38,53.74
2024-06-07T13:00,82.94,36,53.21
2024-06-07T14:00,83.48,35,52.92
2024-06-07T15:00,84.38,32,51.27
2024-06-07T16:00,83.84,30,49.06
2024-06-07T17:00,83.3,29,47.7
2024-06-07T18:00,82.04,32,49.24
2024-06-07T19:00,79.34,35,49.29
2024-06-07T20:00,75.56,40,49.52
2024-06-07T21:00,73.04,43,49.2
2024-06-07T22:00,70.52,48,49.87
2024-06-07T23:00,67.82,52,49.54
2024-06-08T00:00,65.66,55,49.05
2024-06-08T01:00,64.58,57,49.0
2024-06-08T02:00,63.14,63,50.33
2024-06-08T03:00,61.88,64,49.57
2024-06-08T04:00,60.8,66,49.37
2024-06-08T05:00,60.26,68,49.65
2024-06-08T06:00,59.72,69,49.53
2024-06-08T07:00,61.88,66,50.39
2024-06-08T08:00,66.56,63,53.57
2024-06-08T09:00,71.6,53,53.55
2024-06-08T10:00,74.3,45,51.57
2024-06-08T11:00,76.28,42,51.48
2024-06-08T12:00,78.08,39,51.09
2024-06-08T13:00,80.06,36,50.68
2024-06-08T14:00,81.14,36,51.63
2024-06-08T15:00,82.04,36,52.42
2024-06-08T16:00,82.58,35,52.13
2024-06-08T17:00,82.94,35,52.44
2024-06-08T18:00,82.04,41,55.98
2024-06-08T19:00,79.52,55,61.91
2024-06-08T20:00,75.38,61,60.98
2024-06-08T21:00,71.42,55,54.4
2024-06-08T22:00,69.62,56,53.22
2024-06-08T23:00,68.54,61,54.55
2024-06-09T00:00,68.36,64,55.7
2024-06-09T01:00,66.38,68,55.49
2024-06-09T02:00,65.12,69,54.69
2024-06-09T03:00,64.58,67,53.37
2024-06-09T04:00,63.68,68,52.92
2024-06-09T05:00,63.68,68,52.92
2024-06-09T06:00,64.4,67,53.2
2024-06-09T07:00,65.84,69,55.38
2024-06-09T08:00,69.8,68,58.75
2024-06-09T09:00,74.3,61,59.96
2024-06-09T10:00,78.8,54,60.73
2024-06-09T11:00,80.06,48,58.58
2024-06-09T12:00,81.14,47,58.97
2024-06-09T13:00,82.94,45,59.38
2024-06-09T14:00,82.04,47,59.79
2024-06-09T15:00,82.22,45,58.73
2024-06-09T16:00,81.32,41,55.34
2024-06-09T17:00,80.96,37,52.21
2024-06-09T18:00,80.06,34,49.14
2024-06-09T19:00,77.18,39,50.29
2024-06-09T20:00,73.4,44,50.15
2024-06-09T21:00,70.7,46,48.89
2024-06-09T22:00,69.62,45,47.33
2024-06-09T23:00,68.72,46,47.09
2024-06-10T00:00,67.28,49,47.46
2024-06-10T01:00,65.3,53,47.72
2024-06-10T02:00,63.32,58,48.29
2024-06-10T03:00,63.14,58,48.12
2024-06-10T04:00,62.6,59,48.07
2024-06-10T05:00,61.34,62,48.21
2024-06-10T06:00,60.08,66,48.68
2024-06-10T07:00,61.34,69,51.08
2024-06-10T08:00,65.84,64,53.31
2024-06-10T09:00,71.24,55,54.23
2024-06-10T10:00,74.48,44,51.12
2024-06-10T11:00,76.46,39,49.65
2024-06-10T12:00,77.9,36,48.77
2024-06-10T13:00,78.44,35,48.5
2024-06-10T14:00,79.7,32,47.21
2024-06-10T15:00,79.34,32,46.9
2024-06-10T16:00,80.24,32,47.68
2024-06-10T17:00,80.06,32,47.52
2024-06-10T18:00,78.08,40,51.77
2024-06-10T19:00,76.64,49,56.03
2024-06-10T20:00,72.68,52,54.03
2024-06-10T21:00,68.18,62,54.66
2024-06-10T22:00,65.3,73,56.42
2024-06-10T23:00,64.22,79,57.57
2024-06-11T00:00,62.78,83,57.54
2024-06-11T01:00,61.52,88,57.93
2024-06-11T02:00,61.16,92,58.82
2024-06-11T03:00,59.9,92,57.57
2024-06-11T04:00,59.0,91,56.37
2024-06-11T05:00,58.28,93,56.26
2024-06-11T06:00,58.1,95,56.67
2024-06-11T07:00,59.36,88,55.8
2024-06-11T08:00,61.88,78,54.94
2024-06-11T09:00,64.76,66,53.13
2024-06-11T10:00,68.0,59,53.13
2024-06-11T11:00,71.06,52,52.53
2024-06-11T12:00,71.78,50,52.13
2024-06-11T13:00,73.76,45,51.08
2024-06-11T14:00,73.4,44,50.15
2024-06-11T15:00,74.48,41,49.22
2024-06-11T16:00,74.12,43,50.18
2024-06-11T17:00,74.12,42,49.54
2024-06-11T18:00,73.4,43,49.53
2024-06-11T19:00,71.96,51,52.83
2024-06-11T20:00,68.54,60,54.09
2024-06-11T21:00,64.76,69,54.35
2024-06-11T22:00,63.86,70,53.88
2024-06-11T23:00,61.7,79,55.12
2024-06-12T00:00,60.98,79,54.42
2024-06-12T01:00,60.8,78,53.89
2024-06-12T02:00,60.26,79,53.72
2024-06-12T03:00,58.82,83,53.67
2024-06-12T04:00,57.92,86,53.76
2024-06-12T05:00,57.38,86,53.23
2024-06-12T06:00,56.3,88,52.79
2024-06-12T07:00,59.54,81,53.7
2024-06-12T08:00,64.58,70,54.57
2024-06-12T09:00,68.54,59,53.63
2024-06-12T10:00,71.6,52,53.03
2024-06-12T11:00,74.3,47,52.75
2024-06-12T12:00,77.0,43,52.77
2024-06-12T13:00,78.98,39,51.89
2024-06-12T14:00,76.82,43,52.61
2024-06-12T15:00,78.08,42,53.1
2024-06-12T16:00,79.52,39,52.37
2024-06-12T17:00,79.7,39,52.53
2024-06-12T18:00,78.98,43,54.55
2024-06-12T19:00,75.92,55,58.57
2024-06-12T20:00,71.78,62,58.05
2024-06-12T21:00,69.62,73,60.57
2024-06-12T22:00,68.0,79,61.24
2024-06-12T23:00,66.38,83,61.05
2024-06-13T00:00,65.3,87,61.33
2024-06-13T01:00,64.76,90,61.75
2024-06-13T02:00,64.58,92,62.2
2024-06-13T03:00,64.76,93,62.69
2024-06-13T04:00,64.58,93,62.51
2024-06-13T05:00,64.4,96,63.23
2024-06-13T06:00,64.4,96,63.23
2024-06-13T07:00,66.56,92,64.16
2024-06-13T08:00,70.34,82,64.57
2024-06-13T09:00,73.76,78,66.46
2024-06-13T10:00,77.36,70,66.79
2024-06-13T11:00,80.42,62,66.18
2024-06-13T12:00,82.22,57,65.44
2024-06-13T13:00,84.2,51,64.08
2024-06-13T14:00,84.92,50,64.17
2024-06-13T15:00,85.28,49,63.92
2024-06-13T16:00,85.64,46,62.45
2024-06-13T17:00,84.74,48,62.84
2024-06-13T18:00,84.38,49,63.1
2024-06-13T19:00,82.22,57,65.44
2024-06-13T20:00,78.62,64,65.4
2024-06-13T21:00,76.28,71,66.17
2024-06-13T22:00,75.02,74,66.15
2024-06-13T23:00,75.02,72,65.36
2024-06-14T00:00,75.02,69,64.14
2024-06-14T01:00,73.58,72,63.98
2024-06-14T02:00,71.96,75,63.59
2024-06-14T03:00,70.88,77,63.3
2024-06-14T04:00,69.98,79,63.16
2024-06-14T05:00,69.08,82,63.35
2024-06-14T06:00,68.18,84,63.15
2024-06-14T07:00,69.62,81,63.52
2024-06-14T08:00,72.86,75,64.46
2024-06-14T09:00,76.82,68,65.44
2024-06-14T10:00,80.6,61,65.88
2024-06-14T11:00,83.84,55,65.92
2024-06-14T12:00,86.72,46,63.43
2024-06-14T13:00,88.34,43,62.97
2024-06-14T14:00,89.96,41,63.06
2024-06-14T15:00,90.68,39,62.28
2024-06-14T16:00,91.04,37,61.1
2024-06-14T17:00,91.04,37,61.1
2024-06-14T18:00,87.26,43,62.0
2024-06-14T19:00,79.88,69,68.78
2024-06-14T20:00,77.72,80,71.04
2024-06-14T21:00,77.18,77,69.4
2024-06-14T22:00,70.16,85,65.43
2024-06-14T23:00,68.9,90,65.84
2024-06-15T00:00,68.72,93,66.61
2024-06-15T01:00,68.18,95,66.69
2024-06-15T02:00,67.28,97,66.4
2024-06-15T03:00,66.56,98,65.98
2024-06-15T04:00,66.38,98,65.8
2024-06-15T05:00,66.38,98,65.8
2024-06-15T06:00,66.02,98,65.44
2024-06-15T07:00,66.92,94,65.13
2024-06-15T08:00,69.08,85,64.37
2024-06-15T09:00,73.94,63,60.53
2024-06-15T10:00,76.28,50,56.26
2024-06-15T11:00,78.26,46,55.76
2024-06-15T12:00,80.24,42,55.04
2024-06-15T13:00,81.68,37,52.85
2024-06-15T14:00,82.76,34,51.5
2024-06-15T15:00,83.48,32,50.49
2024-06-15T16:00,84.02,33,51.79
2024-06-15T17:00,83.84,33,51.63
2024-06-15T18:00,83.3,34,51.97
2024-06-15T19:00,81.68,44,57.62
2024-06-15T20:00,77.18,53,58.7
2024-06-15T21:00,72.14,59,57.01
2024-06-15T22:00,69.62,58,54.18
2024-06-15T23:00,68.0,64,55.36
2024-06-16T00:00,66.02,74,57.49
2024-06-16T01:00,67.82,60,53.42
2024-06-16T02:00,66.38,64,53.83
2024-06-16T03:00,68.36,55,51.56
2024-06-16T04:00,66.02,63,53.05
2024-06-16T05:00,63.5,70,53.54
2024-06-16T06:00,61.52,79,54.94
2024-06-16T07:00,64.58,72,55.34
2024-06-16T08:00,70.34,65,58.0
2024-06-16T09:00,73.94,58,58.21
2024-06-16T10:00,76.82,51,57.3
2024-06-16T11:00,79.7,42,54.55
2024-06-16T12:00,81.86,39,54.45
2024-06-16T13:00,83.48,37,54.44
2024-06-16T14:00,84.92,35,54.18
2024-06-16T15:00,86.18,33,53.67
2024-06-16T16:00,86.54,32,53.14
2024-06-16T17:00,86.72,31,52.43
2024-06-16T18:00,85.82,33,53.35
2024-06-16T19:00,82.22,43,57.47
2024-06-16T20:00,76.82,46,54.45
2024-06-16T21:00,73.58,54,55.9
2024-06-16T22:00,72.14,59,57.01
2024-06-16T23:00,70.88,64,58.08
2024-06-17T00:00,69.98,65,57.66
2024-06-17T01:00,69.44,67,57.99
2024-06-17T02:00,68.72,70,58.53
2024-06-17T03:00,68.36,70,58.19
2024-06-17T04:00,67.82,69,57.27
2024-06-17T05:00,67.1,70,56.98
2024-06-17T06:00,66.38,71,56.68
2024-06-17T07:00,68.0,71,58.24
2024-06-17T08:00,71.06,67,59.54
2024-06-17T09:00,74.84,67,63.13
2024-06-17T10:00,77.9,63,64.27
2024-06-17T11:00,80.96,58,64.77
2024-06-17T12:00,84.02,55,66.08
2024-06-17T13:00,86.36,51,66.06
2024-06-17T14:00,88.7,46,65.22
2024-06-17T15:00,89.42,45,65.24
2024-06-17T16:00,89.96,44,65.08
2024-06-17T17:00,89.06,45,64.91
2024-06-17T18:00,88.7,46,65.22
2024-06-17T19:00,86.72,52,66.95
2024-06-17T20:00,81.86,61,67.07
2024-06-17T21:00,78.44,73,69.05
2024-06-17T22:00,75.92,71,65.82
2024-06-17T23:00,73.4,71,63.41
2024-06-18T00:00,72.14,74,63.38
2024-06-18T01:00,71.78,74,63.04
2024-06-18T02:00,71.42,73,62.3
2024-06-18T03:00,70.52,73,61.44
2024-06-18T04:00,69.8,75,61.51
2024-06-18T05:00,69.26,77,61.73
2024-06-18T06:00,68.72,80,62.29
2024-06-18T07:00,70.16,79,63.33
2024-06-18T08:00,73.4,73,64.21
2024-06-18T09:00,76.64,66,64.41
2024-06-18T10:00,80.24,59,64.59
2024-06-18T11:00,83.12,55,65.25
2024-06-18T12:00,86.18,51,65.9
2024-06-18T13:00,88.7,48,66.45
2024-06-18T14:00,90.5,45,66.21
2024-06-18T15:00,92.12,41,64.98
2024-06-18T16:00,91.04,40,63.32
2024-06-18T17:00,88.88,43,63.45
2024-06-18T18:00,87.44,43,62.16
2024-06-18T19:00,84.74,48,62.84
2024-06-18T20:00,80.24,56,63.09
2024-06-18T21:00,76.28,65,63.63
2024-06-18T22:00,74.12,69,63.28
2024-06-18T23:00,72.5,73,63.34
2024-06-19T00:00,70.88,77,63.3
2024-06-19T01:00,69.8,80,63.34
2024-06-19T02:00,68.9,84,63.86
2024-06-19T03:00,68.0,88,64.31
2024-06-19T04:00,67.1,92,64.69
2024-06-19T05:00,66.74,95,65.26
2024-06-19T06:00,66.2,96,65.02
2024-06-19T07:00,68.72,90,65.66
2024-06-19T08:00,72.32,80,65.79
2024-06-19T09:00,75.74,73,66.45
2024-06-19T10:00,79.16,64,65.91
2024-06-19T11:00,81.86,56,64.6
2024-06-19T12:00,84.2,49,62.94
2024-06-19T13:00,86.36,44,61.84
2024-06-19T14:00,87.98,41,61.29
2024-06-19T15:00,88.88,38,59.95
2024-06-19T16:00,89.06,35,57.8
2024-06-19T17:00,87.8,37,58.25
2024-06-19T18:00,86.0,38,57.4
2024-06-19T19:00,83.66,42,58.1
2024-06-19T20:00,78.8,51,59.12
2024-06-19T21:00,74.66,61,60.3
2024-06-19T22:00,73.4,62,59.57
2024-06-19T23:00,71.96,70,61.63
2024-06-20T00:00,70.88,74,62.17
2024-06-20T01:00,69.8,77,62.25
2024-06-20T02:00,68.72,81,62.65
2024-06-20T03:00,68.0,84,62.98
2024-06-20T04:00,67.28,87,63.27
2024-06-20T05:00,66.74,90,63.71
2024-06-20T06:00,66.74,91,64.02
2024-06-20T07:00,68.9,87,64.86
2024-06-20T08:00,73.04,77,65.39
2024-06-20T09:00,76.64,70,66.1
2024-06-20T10:00,79.34,63,65.63
2024-06-20T11:00,82.04,57,65.28
2024-06-20T12:00,84.74,50,64.01
2024-06-20T13:00,86.72,44,62.16
2024-06-20T14:00,88.16,40,60.75
2024-06-20T15:00,89.42,34,57.31
2024-06-20T16:00,89.78,29,53.24
2024-06-20T17:00,89.78,27,51.3
2024-06-20T18:00,88.52,28,51.21
2024-06-20T19:00,85.82,39,57.96
2024-06-20T20:00,79.88,56,62.76
2024-06-20T21:00,76.1,65,63.46
2024-06-20T22:00,74.12,66,62.02
2024-06-20T23:00,72.86,69,62.08
2024-06-21T00:00,72.14,73,62.99
2024-06-21T01:00,71.06,77,63.47
2024-06-21T02:00,70.16,81,64.05
2024-06-21T03:00,69.44,84,64.39
2024-06-21T04:00,68.9,87,64.86
2024-06-21T05:00,68.36,89,64.99
2024-06-21T06:00,67.82,90,64.77
2024-06-21T07:00,70.16,85,65.43
2024-06-21T08:00,73.58,76,65.54
2024-06-21T09:00,77.72,68,66.3
2024-06-21T10:00,82.04,58,65.78
2024-06-21T11:00,85.64,51,65.4
2024-06-21T12:00,88.16,45,64.1
2024-06-21T13:00,90.14,41,63.22
2024-06-21T14:00,91.58,38,62.33
2024-06-21T15:00,92.48,36,61.59
2024-06-21T16:00,92.66,36,61.75
2024-06-21T17:00,92.3,36,61.43
2024-06-21T18:00,91.4,37,61.42
2024-06-21T19:00,89.24,43,63.77
2024-06-21T20:00,84.56,51,64.41
2024-06-21T21:00,80.06,59,64.42
2024-06-21T22:00,77.72,65,65.0
2024-06-21T23:00,76.82,67,65.01
2024-06-22T00:00,76.46,67,64.67
2024-06-22T01:00,75.56,68,64.24
2024-06-22T02:00,74.66,70,64.21
2024-06-22T03:00,74.12,70,63.69
2024-06-22T04:00,73.76,69,62.94
2024-06-22T05:00,73.04,70,62.66
2024-06-22T06:00,72.14,72,62.6
2024-06-22T07:00,73.58,70,63.18
2024-06-22T08:00,77.18,64,64.04
2024-06-22T09:00,81.68,60,66.42
2024-06-22T10:00,86.18,53,67.01
2024-06-22T11:00,90.32,47,67.31
2024-06-22T12:00,93.2,42,66.64
2024-06-22T13:00,95.0,39,66.1
2024-06-22T14:00,96.62,37,66.01
2024-06-22T15:00,97.34,36,65.85
2024-06-22T16:00,97.34,35,65.04
2024-06-22T17:00,96.62,33,62.73
2024-06-22T18:00,96.26,32,61.55
2024-06-22T19:00,93.2,39,64.51
2024-06-22T20:00,88.7,49,67.05
2024-06-22T21:00,84.38,52,64.8
2024-06-22T22:00,83.3,51,63.25
2024-06-22T23:00,81.68,50,61.21
2024-06-23T00:00,81.68,49,60.63
2024-06-23T01:00,81.32,54,63.06
2024-06-23T02:00,80.24,59,64.59
2024-06-23T03:00,79.88,61,65.21
2024-06-23T04:00,78.8,63,65.12
2024-06-23T05:00,77.9,65,65.17
2024-06-23T06:00,77.0,67,65.18
2024-06-23T07:00,77.72,66,65.44
2024-06-23T08:00,79.88,64,66.59
2024-06-23T09:00,82.76,62,68.39
2024-06-23T10:00,86.72,54,68.05
2024-06-23T11:00,90.68,46,67.01
2024-06-23T12:00,94.1,38,64.56
2024-06-23T13:00,95.36,33,61.64
2024-06-23T14:00,94.64,33,61.02
2024-06-23T15:00,95.0,33,61.33
2024-06-23T16:00,96.44,32,61.7
2024-06-23T17:00,95.54,33,61.8
2024-06-23T18:00,92.66,37,62.53
2024-06-23T19:00,90.68,40,63.0
2024-06-23T20:00,88.34,45,64.26
2024-06-23T21:00,86.72,53,67.51
2024-06-23T22:00,85.28,55,67.25
2024-06-23T23:00,84.56,56,67.11
2024-06-24T00:00,83.66,57,66.78
2024-06-24T01:00,82.4,57,65.61
2024-06-24T02:00,78.08,70,67.48
2024-06-24T03:00,72.68,94,70.85
2024-06-24T04:00,72.32,94,70.49
2024-06-24T05:00,72.86,90,69.75
2024-06-24T06:00,73.04,88,69.27
2024-06-24T07:00,74.3,86,69.83
2024-06-24T08:00,75.92,82,70.02
2024-06-24T09:00,80.42,57,63.77
2024-06-24T10:00,82.76,50,62.19
2024-06-24T11:00,83.84,46,60.82
2024-06-24T12:00,85.46,36,55.43
2024-06-24T13:00,86.72,32,53.3
2024-06-24T14:00,87.26,32,53.76
2024-06-24T15:00,87.98,30,52.62
2024-06-24T16:00,86.54,32,53.14
2024-06-24T17:00,86.72,31,52.43
2024-06-24T18:00,86.18,30,51.08
2024-06-24T19:00,84.74,33,52.42
2024-06-24T20:00,81.32,41,55.34
2024-06-24T21:00,75.38,39,48.68
2024-06-24T22:00,74.3,39,47.72
2024-06-24T23:00,73.22,41,48.09
2024-06-25T00:00,73.04,41,47.93
2024-06-25T01:00,72.32,44,49.17
2024-06-25T02:00,70.88,47,49.63
2024-06-25T03:00,69.62,50,50.15
2024-06-25T04:00,68.54,53,50.72
2024-06-25T05:00,67.28,56,51.04
2024-06-25T06:00,66.38,59,51.61
2024-06-25T07:00,67.64,60,53.25
2024-06-25T08:00,71.78,57,55.72
2024-06-25T09:00,77.72,49,57.01
2024-06-25T10:00,81.68,37,52.85
2024-06-25T11:00,84.2,30,49.37
2024-06-25T12:00,86.54,27,48.55
2024-06-25T13:00,87.8,27,49.62
2024-06-25T14:00,89.06,27,50.69
2024-06-25T15:00,90.68,26,51.04
2024-06-25T16:00,91.58,25,50.74
2024-06-25T17:00,91.22,26,51.5
2024-06-25T18:00,90.14,29,53.55
2024-06-25T19:00,87.8,34,55.9
2024-06-25T20:00,83.66,39,56.05
2024-06-25T21:00,78.8,50,58.57
2024-06-25T22:00,77.36,51,57.8
2024-06-25T23:00,75.92,55,58.57
2024-06-26T00:00,76.1,58,60.23
2024-06-26T01:00,76.46,58,60.57
2024-06-26T02:00,76.1,58,60.23
2024-06-26T03:00,75.2,63,61.72
2024-06-26T04:00,74.48,69,63.63
2024-06-26T05:00,73.94,74,65.12
2024-06-26T06:00,73.4,78,66.11
2024-06-26T07:00,74.84,77,67.13
2024-06-26T08:00,78.08,71,67.89
2024-06-26T09:00,82.04,64,68.63
2024-06-26T10:00,86.72,53,67.51
2024-06-26T11:00,90.68,43,65.07
2024-06-26T12:00,92.84,38,63.45
2024-06-26T13:00,95.36,34,62.49
2024-06-26T14:00,97.34,30,60.65
2024-06-26T15:00,98.78,28,59.94
2024-06-26T16:00,92.84,35,61.11
2024-06-26T17:00,84.92,53,65.85
2024-06-26T18:00,88.34,46,64.89
2024-06-26T19:00,87.62,55,69.42
2024-06-26T20:00,85.28,64,71.69
2024-06-26T21:00,80.78,61,66.05
2024-06-26T22:00,78.26,68,66.81
2024-06-26T23:00,74.66,84,69.49
2024-06-27T00:00,74.12,85,69.31
2024-06-27T01:00,72.14,88,68.38
2024-06-27T02:00,72.14,89,68.71
2024-06-27T03:00,71.06,100,71.06
2024-06-27T04:00,71.06,100,71.06
2024-06-27T05:00,71.06,100,71.06
2024-06-27T06:00,70.88,100,70.88
2024-06-27T07:00,71.6,98,71.0
2024-06-27T08:00,72.14,96,70.93
2024-06-27T09:00,73.58,85,68.78
2024-06-27T10:00,76.82,71,66.69
2024-06-27T11:00,79.52,61,64.87
2024-06-27T12:00,82.22,52,62.81
2024-06-27T13:00,83.48,45,59.87
2024-06-27T14:00,84.92,39,57.16
2024-06-27T15:00,86.18,37,56.82
2024-06-27T16:00,88.34,33,55.55
2024-06-27T17:00,88.34,32,54.7
2024-06-27T18:00,87.08,34,55.27
2024-06-27T19:00,85.28,44,60.86
2024-06-27T20:00,77.9,71,67.72
2024-06-27T21:00,77.0,64,63.87
2024-06-27T22:00,73.76,71,63.76
2024-06-27T23:00,73.22,68,62.01
2024-06-28T00:00,72.68,70,62.32
2024-06-28T01:00,71.24,75,62.9
2024-06-28T02:00,71.78,66,59.8
2024-06-28T03:00,71.42,67,59.88
2024-06-28T04:00,70.52,65,58.17
2024-06-28T05:00,69.44,65,57.15
2024-06-28T06:00,68.72,65,56.47
2024-06-28T07:00,69.44,63,56.28
2024-06-28T08:00,71.24,56,54.72
2024-06-28T09:00,71.96,48,51.19
2024-06-28T10:00,75.2,40,49.2
2024-06-28T11:00,77.36,37,49.03
2024-06-28T12:00,79.16,38,51.34
2024-06-28T13:00,80.96,40,54.34
2024-06-28T14:00,82.4,39,54.93
2024-06-28T15:00,84.2,39,56.53
2024-06-28T16:00,87.62,38,58.83
2024-06-28T17:00,84.56,43,59.57
2024-06-28T18:00,84.02,45,60.36
2024-06-28T19:00,78.98,56,61.92
2024-06-28T20:00,76.82,61,62.33
2024-06-28T21:00,73.04,71,63.07
2024-06-28T22:00,71.6,75,63.24
2024-06-28T23:00,70.52,79,63.68
2024-06-29T00:00,69.62,83,64.22
2024-06-29T01:00,68.9,86,64.53
2024-06-29T02:00,68.36,89,64.99
2024-06-29T03:00,67.82,93,65.72
2024-06-29T04:00,67.82,96,66.64
2024-06-29T05:00,68.36,97,67.47
2024-06-29T06:00,68.9,98,68.31
2024-06-29T07:00,71.96,93,69.82
2024-06-29T08:00,75.56,84,70.37
2024-06-29T09:00,78.08,77,70.27
2024-06-29T10:00,80.42,73,70.95
2024-06-29T11:00,83.12,67,71.0
2024-06-29T12:00,86.36,59,70.31
2024-06-29T13:00,88.16,53,68.83
2024-06-29T14:00,89.42,50,68.29
2024-06-29T15:00,90.32,49,68.52
2024-06-29T16:00,91.04,48,68.58
2024-06-29T17:00,91.4,47,68.29
2024-06-29T18:00,89.96,48,67.6
2024-06-29T19:00,89.24,50,68.13
2024-06-29T20:00,86.36,56,68.78
2024-06-29T21:00,83.84,65,70.79
2024-06-29T22:00,82.04,71,71.68
2024-06-29T23:00,80.42,80,73.67
2024-06-30T00:00,80.42,80,73.67
2024-06-30T01:00,80.42,80,73.67
2024-06-30T02:00,80.42,77,72.53
2024-06-30T03:00,79.7,75,71.06
2024-06-30T04:00,79.34,75,70.71
2024-06-30T05:00,78.8,76,70.58
2024-06-30T06:00,78.44,77,70.61
2024-06-30T07:00,79.52,76,71.27
2024-06-30T08:00,81.86,72,71.93
2024-06-30T09:00,80.06,80,73.32
2024-06-30T10:00,78.26,87,74.06
2024-06-30T11:00,81.5,84,76.18
2024-06-30T12:00,85.28,73,75.62
2024-06-30T13:00,88.52,63,74.28
2024-06-30T14:00,89.6,57,72.31
2024-06-30T15:00,93.02,48,70.38
2024-06-30T16:00,92.84,47,69.6
2024-06-30T17:00,87.62,63,73.43
2024-06-30T18:00,78.08,96,76.84
2024-06-30T19:00,77.72,95,76.17
2024-06-30T20:00,76.82,96,75.59
2024-06-30T21:00,76.64,94,74.78
2024-06-30T22:00,76.46,94,74.6
2024-06-30T23:00,75.02,99,74.72
2024-07-01T00:00,74.12,94,72.28
2024-07-01T01:00,70.88,78,63.67
2024-07-01T02:00,68.72,70,58.53
2024-07-01T03:00,66.74,66,55.01
2024-07-01T04:00,65.48,63,52.54
2024-07-01T05:00,63.86,63,51.01
2024-07-01T06:00,62.78,65,50.84
2024-07-01T07:00,62.96,67,51.83
2024-07-01T08:00,64.76,64,52.29
2024-07-01T09:00,67.28,59,52.45
2024-07-01T10:00,69.08,54,51.73
2024-07-01T11:00,71.06,48,50.36
2024-07-01T12:00,72.5,46,50.53
2024-07-01T13:00,75.2,41,49.87
2024-07-01T14:00,77.18,39,50.29
2024-07-01T15:00,77.72,37,49.35
2024-07-01T16:00,78.44,35,48.5
2024-07-01T17:00,78.26,35,48.34
2024-07-01T18:00,76.82,37,48.55
2024-07-01T19:00,75.56,40,49.52
2024-07-01T20:00,72.86,45,50.26
2024-07-01T21:00,69.62,61,55.56
2024-07-01T22:00,68.36,60,53.93
2024-07-01T23:00,67.28,63,54.25
2024-07-02T00:00,66.2,66,54.5
2024-07-02T01:00,65.48,67,54.23
2024-07-02T02:00,64.76,67,53.54
2024-07-02T03:00,64.04,68,53.26
2024-07-02T04:00,63.5,70,53.54
2024-07-02T05:00,62.96,71,53.41
2024-07-02T06:00,62.42,75,54.39
2024-07-02T07:00,64.22,76,56.49
2024-07-02T08:00,68.36,72,58.97
2024-07-02T09:00,73.22,65,60.73
2024-07-02T10:00,76.82,55,59.41
2024-07-02T11:00,79.88,45,56.62
2024-07-02T12:00,81.86,40,55.14
2024-07-02T13:00,83.12,37,54.12
2024-07-02T14:00,84.2,34,52.76
2024-07-02T15:00,85.46,32,52.2
2024-07-02T16:00,86.0,28,49.07
2024-07-02T17:00,84.2,31,50.26
2024-07-02T18:00,82.76,33,50.69
2024-07-02T19:00,80.6,39,53.33
2024-07-02T20:00,75.92,49,55.37
2024-07-02T21:00,72.14,60,57.47
2024-07-02T22:00,70.52,63,57.3
2024-07-02T23:00,69.62,68,58.58
2024-07-03T00:00,68.9,71,59.1
2024-07-03T01:00,67.64,76,59.8
2024-07-03T02:00,66.92,78,59.83
2024-07-03T03:00,66.2,81,60.19
2024-07-03T04:00,65.66,85,61.02
2024-07-03T05:00,64.94,90,61.93
2024-07-03T06:00,64.76,93,62.69
2024-07-03T07:00,66.56,92,64.16
2024-07-03T08:00,70.16,83,64.75
2024-07-03T09:00,73.76,74,64.94
2024-07-03T10:00,77.0,63,63.42
2024-07-03T11:00,80.06,53,61.36
2024-07-03T12:00,82.76,45,59.22
2024-07-03T13:00,84.02,43,59.08
2024-07-03T14:00,84.38,42,58.75
2024-07-03T15:00,85.46,41,59.04
2024-07-03T16:00,85.1,43,60.05
2024-07-03T17:00,83.48,46,60.49
2024-07-03T18:00,85.1,44,60.7
2024-07-03T19:00,83.12,48,61.37
2024-07-03T20:00,78.26,59,62.73
2024-07-03T21:00,74.66,65,62.1
2024-07-03T22:00,73.58,70,63.18
2024-07-03T23:00,72.86,74,64.08
2024-07-04T00:00,72.32,76,64.32
2024-07-04T01:00,71.78,78,64.54
2024-07-04T02:00,71.24,82,65.45
2024-07-04T03:00,70.7,85,65.96
2024-07-04T04:00,70.34,87,66.28
2024-07-04T05:00,70.34,87,66.28
2024-07-04T06:00,70.16,87,66.1
2024-07-04T07:00,71.6,82,65.8
2024-07-04T08:00,73.94,75,65.5
2024-07-04T09:00,78.98,67,67.07
2024-07-04T10:00,83.3,60,67.94
2024-07-04T11:00,87.44,54,68.72
2024-07-04T12:00,90.32,50,69.11
2024-07-04T13:00,91.58,50,70.27
2024-07-04T14:00,93.74,46,69.78
2024-07-04T15:00,94.1,44,68.8
2024-07-04T16:00,92.66,44,67.51
2024-07-04T17:00,80.78,73,71.3
2024-07-04T18:00,78.44,100,78.44
2024-07-04T19:00,77.72,98,77.11
2024-07-04T20:00,77.0,97,76.08
2024-07-04T21:00,75.74,98,75.13
2024-07-04T22:00,75.02,98,74.41
2024-07-04T23:00,74.84,98,74.24
2024-07-05T00:00,74.48,97,73.57
2024-07-05T01:00,73.94,98,73.34
2024-07-05T02:00,73.76,98,73.16
2024-07-05T03:00,73.58,99,73.28
2024-07-05T04:00,73.4,99,73.1
2024-07-05T05:00,73.04,99,72.74
2024-07-05T06:00,72.86,99,72.56
2024-07-05T07:00,73.94,98,73.34
2024-07-05T08:00,76.1,96,74.87
2024-07-05T09:00,78.08,90,74.9
2024-07-05T10:00,82.4,80,75.59
2024-07-05T11:00,86.54,71,75.99
2024-07-05T12:00,90.5,61,75.17
2024-07-05T13:00,92.48,54,73.37
2024-07-05T14:00,93.38,52,73.08
2024-07-05T15:00,94.1,52,73.74
2024-07-05T16:00,94.82,50,73.23
2024-07-05T17:00,94.64,49,72.46
2024-07-05T18:00,94.28,47,70.9
2024-07-05T19:00,91.04,59,74.68
2024-07-05T20:00,86.72,65,73.51
2024-07-05T21:00,84.74,70,73.84
2024-07-05T22:00,83.48,69,72.21
2024-07-05T23:00,84.02,69,72.73
2024-07-06T00:00,83.12,70,72.3
2024-07-06T01:00,82.04,72,72.1
2024-07-06T02:00,80.96,74,71.87
2024-07-06T03:00,80.24,76,71.97
2024-07-06T04:00,79.34,78,71.87
2024-07-06T05:00,78.44,80,71.74
2024-07-06T06:00,77.0,83,71.43
2024-07-06T07:00,77.36,85,72.49
2024-07-06T08:00,80.24,77,72.36
2024-07-06T09:00,83.84,70,72.98
2024-07-06T10:00,86.9,62,72.28
2024-07-06T11:00,89.6,56,71.79
2024-07-06T12:00,91.94,51,71.18
2024-07-06T13:00,93.56,47,70.25
2024-07-06T14:00,94.82,45,70.11
2024-07-06T15:00,95.18,42,68.41
2024-07-06T16:00,95.0,41,67.55
2024-07-06T17:00,95.0,40,66.84
2024-07-06T18:00,94.46,42,67.77
2024-07-06T19:00,90.5,55,72.09
2024-07-06T20:00,86.9,63,72.75
2024-07-06T21:00,85.28,58,68.8
2024-07-06T22:00,83.84,62,69.4
2024-07-06T23:00,82.04,69,70.84
2024-07-07T00:00,81.5,67,69.46
2024-07-07T01:00,81.32,61,66.56
2024-07-07T02:00,81.68,52,62.32
2024-07-07T03:00,80.24,51,60.44
2024-07-07T04:00,78.26,57,61.75
2024-07-07T05:00,77.18,62,63.13
2024-07-07T06:00,75.92,65,63.29
2024-07-07T07:00,76.1,68,64.75
2024-07-07T08:00,78.62,67,66.72
2024-07-07T09:00,82.22,59,66.44
2024-07-07T10:00,85.46,48,63.5
2024-07-07T11:00,87.8,43,62.48
2024-07-07T12:00,89.6,41,62.74
2024-07-07T13:00,91.04,40,63.32
2024-07-07T14:00,92.48,38,63.13
2024-07-07T15:00,93.92,36,62.86
2024-07-07T16:00,94.28,35,62.37
2024-07-07T17:00,93.56,36,62.54
2024-07-07T18:00,92.12,36,61.28
2024-07-07T19:00,89.24,44,64.43
2024-07-07T20:00,87.08,55,68.92
2024-07-07T21:00,80.78,73,71.3
2024-07-07T22:00,79.52,72,69.68
2024-07-07T23:00,78.62,75,70.01
2024-07-08T00:00,77.9,80,71.22
2024-07-08T01:00,78.44,75,69.84
2024-07-08T02:00,77.36,75,68.8
2024-07-08T03:00,75.56,84,70.37
2024-07-08T04:00,75.2,86,70.71
2024-07-08T05:00,74.3,88,70.51
2024-07-08T06:00,76.64,77,68.87
2024-07-08T07:00,77.0,80,70.34
2024-07-08T08:00,80.78,74,71.7
2024-07-08T09:00,84.2,64,70.67
2024-07-08T10:00,87.08,54,68.38
2024-07-08T11:00,89.24,48,66.94
2024-07-08T12:00,90.14,47,67.15
2024-07-08T13:00,90.86,48,68.41
2024-07-08T14:00,91.58,48,69.07
2024-07-08T15:00,92.48,48,69.89
2024-07-08T16:00,92.12,50,70.76
2024-07-08T17:00,92.3,49,70.33
2024-07-08T18:00,89.06,54,70.21
2024-07-08T19:00,86.36,63,72.25
2024-07-08T20:00,83.3,73,73.72
2024-07-08T21:00,79.88,83,74.24
2024-07-08T22:00,79.16,86,74.6
2024-07-08T23:00,78.62,87,74.41
2024-07-09T00:00,77.72,88,73.87
2024-07-09T01:00,76.82,91,73.99
2024-07-09T02:00,76.1,92,73.6
2024-07-09T03:00,75.56,94,73.71
2024-07-09T04:00,75.2,95,73.66
2024-07-09T05:00,74.66,97,73.75
2024-07-09T06:00,74.48,97,73.57
2024-07-09T07:00,76.28,93,74.1
2024-07-09T08:00,79.52,84,74.25
2024-07-09T09:00,83.48,78,75.88
2024-07-09T10:00,87.08,70,76.08
2024-07-09T11:00,89.42,62,74.65
2024-07-09T12:00,90.68,58,73.83
2024-07-09T13:00,93.2,52,72.91
2024-07-09T14:00,94.28,46,70.27
2024-07-09T15:00,94.28,43,68.3
2024-07-09T16:00,94.82,42,68.09
2024-07-09T17:00,94.1,41,66.75
2024-07-09T18:00,92.66,44,67.51
2024-07-09T19:00,90.68,52,70.6
2024-07-09T20:00,87.44,61,72.3
2024-07-09T21:00,84.92,71,74.44
2024-07-09T22:00,83.12,77,75.14
2024-07-09T23:00,81.86,80,75.07
2024-07-10T00:00,80.96,81,74.56
2024-07-10T01:00,80.78,80,74.02
2024-07-10T02:00,80.42,79,73.29
2024-07-10T03:00,79.7,79,72.59
2024-07-10T04:00,78.98,81,72.64
2024-07-10T05:00,78.26,83,72.66
2024-07-10T06:00,77.72,85,72.84
2024-07-10T07:00,78.62,84,73.37
2024-07-10T08:00,80.6,80,73.84
2024-07-10T09:00,82.4,78,74.83
2024-07-10T10:00,84.56,73,74.93
2024-07-10T11:00,85.82,70,74.88
2024-07-10T12:00,89.42,62,74.65
2024-07-10T13:00,91.76,56,73.79
2024-07-10T14:00,91.94,54,72.87
2024-07-10T15:00,93.38,50,71.91
2024-07-10T16:00,94.64,47,71.23
2024-07-10T17:00,94.82,46,70.76
2024-07-10T18:00,93.92,46,69.94
2024-07-10T19:00,91.22,53,71.65
2024-07-10T20:00,87.26,64,73.56
2024-07-10T21:00,86.18,65,73.0
2024-07-10T22:00,84.74,70,73.84
2024-07-10T23:00,82.58,76,74.23
2024-07-11T00:00,77.0,94,75.14
2024-07-11T01:00,76.82,97,75.9
2024-07-11T02:00,76.46,94,74.6
2024-07-11T03:00,73.58,86,69.12
2024-07-11T04:00,72.32,78,65.06
2024-07-11T05:00,71.42,77,63.82
2024-07-11T06:00,70.7,78,63.49
2024-07-11T07:00,71.24,79,64.38
2024-07-11T08:00,73.76,74,64.94
2024-07-11T09:00,76.82,58,60.9
2024-07-11T10:00,79.52,53,60.87
2024-07-11T11:00,82.04,49,60.96
2024-07-11T12:00,84.38,46,61.31
2024-07-11T13:00,86.54,43,61.35
2024-07-11T14:00,87.8,41,61.13
2024-07-11T15:00,88.88,39,60.68
2024-07-11T16:00,89.6,38,60.58
2024-07-11T17:00,89.6,37,59.83
2024-07-11T18:00,88.34,39,60.2
2024-07-11T19:00,84.56,54,66.05
2024-07-11T20:00,81.14,65,68.23
2024-07-11T21:00,78.8,74,69.79
2024-07-11T22:00,77.72,76,69.53
2024-07-11T23:00,75.74,79,68.75
2024-07-12T00:00,74.3,83,68.79
2024-07-12T01:00,73.4,89,69.95
2024-07-12T02:00,73.4,91,70.61
2024-07-12T03:00,73.94,91,71.14
2024-07-12T04:00,73.94,92,71.46
2024-07-12T05:00,73.58,94,71.74
2024-07-12T06:00,74.3,90,71.17
2024-07-12T07:00,74.48,87,70.35
2024-07-12T08:00,74.84,86,70.36
2024-07-12T09:00,73.76,100,73.76
2024-07-12T10:00,73.94,100,73.94
2024-07-12T11:00,73.58,100,73.58
2024-07-12T12:00,73.76,100,73.76
2024-07-12T13:00,74.12,100,74.12
2024-07-12T14:00,75.38,96,74.16
2024-07-12T15:00,76.1,99,75.8
2024-07-12T16:00,76.46,93,74.28
2024-07-12T17:00,75.74,95,74.2
2024-07-12T18:00,75.56,95,74.02
2024-07-12T19:00,75.38,96,74.16
2024-07-12T20:00,74.84,97,73.93
2024-07-12T21:00,73.58,100,73.58
2024-07-12T22:00,73.04,100,73.04
2024-07-12T23:00,73.04,99,72.74
2024-07-13T00:00,72.86,99,72.56
2024-07-13T01:00,72.5,99,72.2
2024-07-13T02:00,72.5,99,72.2
2024-07-13T03:00,72.68,99,72.38
2024-07-13T04:00,72.68,99,72.38
2024-07-13T05:00,72.32,99,72.02
2024-07-13T06:00,72.32,100,72.32
2024-07-13T07:00,72.68,99,72.38
2024-07-13T08:00,73.22,98,72.62
2024-07-13T09:00,73.94,97,73.03
2024-07-13T10:00,77.54,85,72.66
2024-07-13T11:00,80.42,81,74.04
2024-07-13T12:00,82.94,75,74.18
2024-07-13T13:00,84.74,70,73.84
2024-07-13T14:00,86.0,66,73.29
2024-07-13T15:00,85.82,64,72.2
2024-07-13T16:00,80.78,76,72.49
2024-07-13T17:00,82.04,74,72.91
2024-07-13T18:00,82.76,74,73.6
2024-07-13T19:00,82.04,79,74.86
2024-07-13T20:00,79.52,90,76.32
2024-07-13T21:00,76.64,98,76.03
2024-07-13T22:00,76.1,95,74.56
2024-07-13T23:00,76.1,92,73.6
2024-07-14T00:00,74.66,95,73.13
2024-07-14T01:00,74.48,95,72.95
2024-07-14T02:00,74.3,98,73.7
2024-07-14T03:00,74.3,99,74.0
2024-07-14T04:00,73.4,99,73.1
2024-07-14T05:00,72.68,99,72.38
2024-07-14T06:00,72.5,100,72.5
2024-07-14T07:00,74.12,99,73.82
2024-07-14T08:00,77.18,96,75.95
2024-07-14T09:00,80.96,86,76.36
2024-07-14T10:00,84.38,75,75.57
2024-07-14T11:00,87.98,64,74.24
2024-07-14T12:00,90.32,55,71.92
2024-07-14T13:00,91.76,53,72.15
2024-07-14T14:00,92.3,52,72.08
2024-07-14T15:00,92.66,49,70.66
2024-07-14T16:00,90.86,49,69.02
2024-07-14T17:00,91.22,48,68.74
2024-07-14T18:00,90.5,52,70.43
2024-07-14T19:00,87.98,66,75.16
2024-07-14T20:00,83.12,76,74.75
2024-07-14T21:00,80.96,82,74.93
2024-07-14T22:00,82.04,73,72.51
2024-07-14T23:00,81.5,75,72.79
2024-07-15T00:00,80.78,76,72.49
2024-07-15T01:00,79.34,76,71.1
2024-07-15T02:00,78.08,77,70.27
2024-07-15T03:00,76.82,80,70.17
2024-07-15T04:00,75.38,83,69.85
2024-07-15T05:00,74.12,84,68.97
2024-07-15T06:00,73.58,82,67.74
2024-07-15T07:00,75.02,75,66.54
2024-07-15T08:00,77.72,72,67.95
2024-07-15T09:00,81.86,66,69.36
2024-07-15T10:00,85.28,61,70.28
2024-07-15T11:00,89.24,54,70.38
2024-07-15T12:00,92.12,46,68.32
2024-07-15T13:00,94.1,40,66.04
2024-07-15T14:00,94.64,38,65.04
2024-07-15T15:00,94.82,39,65.94
2024-07-15T16:00,95.0,39,66.1
2024-07-15T17:00,95.72,35,63.63
2024-07-15T18:00,94.82,39,65.94
2024-07-15T19:00,90.86,57,73.48
2024-07-15T20:00,86.72,57,69.63
2024-07-15T21:00,82.4,60,67.09
2024-07-15T22:00,81.68,62,67.37
2024-07-15T23:00,81.5,63,67.66
2024-07-16T00:00,80.78,62,66.52
2024-07-16T01:00,79.7,63,65.97
2024-07-16T02:00,78.62,65,65.85
2024-07-16T03:00,77.18,68,65.78
2024-07-16T04:00,75.92,71,65.82
2024-07-16T05:00,74.48,74,65.63
2024-07-16T06:00,73.58,76,65.54
2024-07-16T07:00,74.3,76,66.23
2024-07-16T08:00,77.72,75,69.15
2024-07-16T09:00,82.58,70,71.78
2024-07-16T10:00,87.08,63,72.92
2024-07-16T11:00,91.22,54,72.21
2024-07-16T12:00,94.28,46,70.27
2024-07-16T13:00,95.54,42,68.74
2024-07-16T14:00,96.98,38,67.1
2024-07-16T15:00,97.16,34,64.06
2024-07-16T16:00,94.46,40,66.36
2024-07-16T17:00,95.54,38,65.83
2024-07-16T18:00,94.46,42,67.77
2024-07-16T19:00,90.86,49,69.02
2024-07-16T20:00,86.72,59,70.64
2024-07-16T21:00,85.82,65,72.66
2024-07-16T22:00,82.4,72,72.44
2024-07-16T23:00,81.68,73,72.16
2024-07-17T00:00,80.6,75,71.92
2024-07-17T01:00,79.7,78,72.22
2024-07-17T02:00,78.62,82,72.65
2024-07-17T03:00,77.9,85,73.01
2024-07-17T04:00,77.0,87,72.82
2024-07-17T05:00,76.1,89,72.61
2024-07-17T06:00,75.74,88,71.92
2024-07-17T07:00,76.46,87,72.29
2024-07-17T08:00,78.8,83,73.19
2024-07-17T09:00,82.76,71,72.37
2024-07-17T10:00,86.36,63,72.25
2024-07-17T11:00,89.42,55,71.09
2024-07-17T12:00,91.04,51,70.35
2024-07-17T13:00,92.48,48,69.89
2024-07-17T14:00,93.02,46,69.13
2024-07-17T15:00,93.2,44,68.0
2024-07-17T16:00,94.28,43,68.3
2024-07-17T17:00,93.92,43,67.97
2024-07-17T18:00,86.9,62,72.28
2024-07-17T19:00,80.6,78,73.09
2024-07-17T20:00,77.54,91,74.7
2024-07-17T21:00,77.36,96,76.13
2024-07-17T22:00,77.0,95,75.45
2024-07-17T23:00,76.82,95,75.27
2024-07-18T00:00,75.92,96,74.69
2024-07-18T01:00,75.02,98,74.41
2024-07-18T02:00,74.48,99,74.18
2024-07-18T03:00,74.3,99,74.0
2024-07-18T04:00,74.12,100,74.12
2024-07-18T05:00,73.58,98,72.98
2024-07-18T06:00,73.4,96,72.19
2024-07-18T07:00,73.94,94,72.1
2024-07-18T08:00,75.2,89,71.73
2024-07-18T09:00,76.82,83,71.25
2024-07-18T10:00,77.9,79,70.85
2024-07-18T11:00,79.88,73,70.43
2024-07-18T12:00,81.5,68,69.9
2024-07-18T13:00,82.58,65,69.6
2024-07-18T14:00,81.32,67,69.29
2024-07-18T15:00,79.7,73,70.26
2024-07-18T16:00,82.94,63,69.02
2024-07-18T17:00,82.58,61,67.74
2024-07-18T18:00,82.22,61,67.4
2024-07-18T19:00,80.24,74,71.18
2024-07-18T20:00,77.36,87,73.18
2024-07-18T21:00,75.56,87,71.41
2024-07-18T22:00,75.2,86,70.71
2024-07-18T23:00,73.76,87,69.64
2024-07-19T00:00,73.4,87,69.29
2024-07-19T01:00,72.32,90,69.22
2024-07-19T02:00,70.7,93,68.57
2024-07-19T03:00,69.8,93,67.68
2024-07-19T04:00,69.44,91,66.69
2024-07-19T05:00,69.26,90,66.2
2024-07-19T06:00,68.72,87,64.69
2024-07-19T07:00,68.72,77,61.21
2024-07-19T08:00,71.06,75,62.72
2024-07-19T09:00,73.58,70,63.18
2024-07-19T10:00,76.64,61,62.16
2024-07-19T11:00,78.44,54,60.39
2024-07-19T12:00,79.34,51,59.62
2024-07-19T13:00,80.96,48,59.4
2024-07-19T14:00,81.68,48,60.05
2024-07-19T15:00,82.94,47,60.61
2024-07-19T16:00,82.94,48,61.2
2024-07-19T17:00,82.94,49,61.79
2024-07-19T18:00,81.32,53,62.53
2024-07-19T19:00,79.16,61,64.53
2024-07-19T20:00,76.28,68,64.93
2024-07-19T21:00,73.76,74,64.94
2024-07-19T22:00,73.22,73,64.03
2024-07-19T23:00,72.86,76,64.84
2024-07-20T00:00,72.5,78,65.24
2024-07-20T01:00,71.78,82,65.98
2024-07-20T02:00,71.06,87,66.99
2024-07-20T03:00,70.52,91,67.76
2024-07-20T04:00,70.34,93,68.22
2024-07-20T05:00,70.52,94,68.71
2024-07-20T06:00,69.62,96,68.43
2024-07-20T07:00,71.42,93,69.29
2024-07-20T08:00,75.2,88,71.39
2024-07-20T09:00,75.38,89,71.9
2024-07-20T10:00,77.9,80,71.22
2024-07-20T11:00,79.16,73,69.74
2024-07-20T12:00,79.7,65,66.87
2024-07-20T13:00,78.44,73,69.05
2024-07-20T14:00,77.9,76,69.71
2024-07-20T15:00,77.36,79,70.32
2024-07-20T16:00,76.46,81,70.18
2024-07-20T17:00,74.3,91,71.5
2024-07-20T18:00,74.48,89,71.02
2024-07-20T19:00,74.3,86,69.83
2024-07-20T20:00,72.68,92,70.22
2024-07-20T21:00,71.24,94,69.42
2024-07-20T22:00,71.96,92,69.5
2024-07-20T23:00,70.16,97,69.27
2024-07-21T00:00,69.62,98,69.03
2024-07-21T01:00,69.08,98,68.49
2024-07-21T02:00,68.36,98,67.77
2024-07-21T03:00,68.18,97,67.29
2024-07-21T04:00,68.0,96,66.81
2024-07-21T05:00,67.64,95,66.15
2024-07-21T06:00,67.64,94,65.85
2024-07-21T07:00,68.72,93,66.61
2024-07-21T08:00,71.96,94,70.13
2024-07-21T09:00,75.38,86,70.89
2024-07-21T10:00,79.16,72,69.34
2024-07-21T11:00,82.4,64,68.97
2024-07-21T12:00,85.1,59,69.13
2024-07-21T13:00,86.9,55,68.75
2024-07-21T14:00,86.54,54,67.88
2024-07-21T15:00,82.58,65,69.6
2024-07-21T16:00,84.56,61,69.6
2024-07-21T17:00,83.48,62,69.06
2024-07-21T18:00,82.58,66,70.05
2024-07-21T19:00,79.88,76,71.62
2024-07-21T20:00,77.54,85,72.66
2024-07-21T21:00,76.28,88,72.45
2024-07-21T22:00,75.38,89,71.9
2024-07-21T23:00,74.48,90,71.35
2024-07-22T00:00,73.94,92,71.46
2024-07-22T01:00,73.94,93,71.78
2024-07-22T02:00,73.22,94,71.38
2024-07-22T03:00,72.86,96,71.65
2024-07-22T04:00,72.5,97,71.6
2024-07-22T05:00,72.14,98,71.54
2024-07-22T06:00,71.78,98,71.18
2024-07-22T07:00,72.5,97,71.6
2024-07-22T08:00,74.84,92,72.35
2024-07-22T09:00,71.06,100,71.06
2024-07-22T10:00,71.24,100,71.24
2024-07-22T11:00,71.42,100,71.42
2024-07-22T12:00,71.06,100,71.06
2024-07-22T13:00,70.88,100,70.88
2024-07-22T14:00,71.42,96,70.22
2024-07-22T15:00,75.02,90,71.88
2024-07-22T16:00,78.98,77,71.14
2024-07-22T17:00,80.78,70,70.06
2024-07-22T18:00,76.82,83,71.25
2024-07-22T19:00,74.84,88,71.04
2024-07-22T20:00,73.76,93,71.6
2024-07-22T21:00,73.22,100,73.22
2024-07-22T22:00,73.58,95,72.06
2024-07-22T23:00,71.42,100,71.42
2024-07-23T00:00,71.42,98,70.82
2024-07-23T01:00,71.78,97,70.88
2024-07-23T02:00,72.14,97,71.24
2024-07-23T03:00,71.96,98,71.36
2024-07-23T04:00,71.6,98,71.0
2024-07-23T05:00,71.06,98,70.46
2024-07-23T06:00,70.52,99,70.22
2024-07-23T07:00,71.06,99,70.76
2024-07-23T08:00,72.86,95,71.34
2024-07-23T09:00,74.48,85,69.66
2024-07-23T10:00,76.82,75,68.28
2024-07-23T11:00,79.52,66,67.14
2024-07-23T12:00,80.78,63,66.99
2024-07-23T13:00,82.04,60,66.76
2024-07-23T14:00,84.92,56,67.44
2024-07-23T15:00,85.64,55,67.59
2024-07-23T16:00,86.0,55,67.92
2024-07-23T17:00,86.36,54,67.72
2024-07-23T18:00,84.2,59,68.29
2024-07-23T19:00,76.28,79,69.27
2024-07-23T20:00,75.92,85,71.07
2024-07-23T21:00,72.68,100,72.68
2024-07-23T22:00,72.5,100,72.5
2024-07-23T23:00,72.5,100,72.5
2024-07-24T00:00,72.68,100,72.68
2024-07-24T01:00,72.68,100,72.68
2024-07-24T02:00,72.68,100,72.68
2024-07-24T03:00,72.68,98,72.08
2024-07-24T04:00,72.32,97,71.42
2024-07-24T05:00,71.78,100,71.78
2024-07-24T06:00,71.96,99,71.66
2024-07-24T07:00,72.32,100,72.32
2024-07-24T08:00,74.12,96,72.9
2024-07-24T09:00,75.56,92,73.07
2024-07-24T10:00,76.64,89,73.15
2024-07-24T11:00,78.8,85,73.9
2024-07-24T12:00,78.8,87,74.59
2024-07-24T13:00,78.62,86,74.07
2024-07-24T14:00,80.78,81,74.39
2024-07-24T15:00,80.42,82,74.4
2024-07-24T16:00,82.04,77,74.1
2024-07-24T17:00,82.04,77,74.1
2024-07-24T18:00,80.24,82,74.23
2024-07-24T19:00,80.42,82,74.4
2024-07-24T20:00,78.26,90,75.08
2024-07-24T21:00,76.46,94,74.6
2024-07-24T22:00,76.46,93,74.28
2024-07-24T23:00,76.28,92,73.78
2024-07-25T00:00,75.74,94,73.88
2024-07-25T01:00,74.66,95,73.13
2024-07-25T02:00,73.76,93,71.6
2024-07-25T03:00,73.4,92,70.93
2024-07-25T04:00,73.4,91,70.61
2024-07-25T05:00,73.04,93,70.89
2024-07-25T06:00,71.6,100,71.6
2024-07-25T07:00,71.78,100,71.78
2024-07-25T08:00,72.5,98,71.9
2024-07-25T09:00,71.78,100,71.78
2024-07-25T10:00,75.02,95,73.49
2024-07-25T11:00,75.2,97,74.29
2024-07-25T12:00,76.82,90,73.66
2024-07-25T13:00,78.44,85,73.54
2024-07-25T14:00,81.68,76,73.36
2024-07-25T15:00,84.02,67,71.86
2024-07-25T16:00,84.56,64,71.01
2024-07-25T17:00,79.7,74,70.66
2024-07-25T18:00,76.82,84,71.61
2024-07-25T19:00,73.76,88,69.98
2024-07-25T20:00,73.04,94,71.21
2024-07-25T21:00,71.96,96,70.75
2024-07-25T22:00,71.06,94,69.24
2024-07-25T23:00,69.8,97,68.91
2024-07-26T00:00,68.9,98,68.31
2024-07-26T01:00,69.26,97,68.37
2024-07-26T02:00,69.08,98,68.49
2024-07-26T03:00,68.36,97,67.47
2024-07-26T04:00,68.54,95,67.05
2024-07-26T05:00,68.9,94,67.1
2024-07-26T06:00,68.0,94,66.21
2024-07-26T07:00,67.64,92,65.23
2024-07-26T08:00,69.62,84,64.56
2024-07-26T09:00,71.42,75,63.07
2024-07-26T10:00,73.76,65,61.25
2024-07-26T11:00,75.56,55,58.24
2024-07-26T12:00,77.18,52,58.17
2024-07-26T13:00,78.26,52,59.17
2024-07-26T14:00,80.06,49,59.15
2024-07-26T15:00,81.32,46,58.53
2024-07-26T16:00,81.5,44,57.46
2024-07-26T17:00,80.78,45,57.43
2024-07-26T18:00,78.98,50,58.73
2024-07-26T19:00,76.64,63,63.08
2024-07-26T20:00,73.4,68,62.18
2024-07-26T21:00,71.06,76,63.1
2024-07-26T22:00,69.8,83,64.4
2024-07-26T23:00,71.6,71,61.69
2024-07-27T00:00,69.44,82,63.7
2024-07-27T01:00,69.8,75,61.51
2024-07-27T02:00,68.54,76,60.67
2024-07-27T03:00,67.64,77,60.16
2024-07-27T04:00,66.56,81,60.54
2024-07-27T05:00,65.66,86,61.35
2024-07-27T06:00,65.12,88,61.47
2024-07-27T07:00,65.84,83,60.53
2024-07-27T08:00,69.62,77,62.08
2024-07-27T09:00,73.4,68,62.18
2024-07-27T10:00,77.0,60,62.03
2024-07-27T11:00,80.24,50,59.89
2024-07-27T12:00,82.58,44,58.43
2024-07-27T13:00,82.4,43,57.63
2024-07-27T14:00,83.48,41,57.27
2024-07-27T15:00,84.02,41,57.75
2024-07-27T16:00,84.38,40,57.39
2024-07-27T17:00,83.3,41,57.11
2024-07-27T18:00,82.22,43,57.47
2024-07-27T19:00,79.52,55,61.91
2024-07-27T20:00,75.2,66,63.04
2024-07-27T21:00,71.96,69,61.22
2024-07-27T22:00,70.16,76,62.23
2024-07-27T23:00,69.08,80,62.64
2024-07-28T00:00,67.82,84,62.8
2024-07-28T01:00,67.64,82,61.94
2024-07-28T02:00,67.82,83,62.46
2024-07-28T03:00,67.28,85,62.61
2024-07-28T04:00,66.02,83,60.7
2024-07-28T05:00,65.3,83,60.0
2024-07-28T06:00,64.76,84,59.81
2024-07-28T07:00,65.3,84,60.34
2024-07-28T08:00,69.44,78,62.27
2024-07-28T09:00,73.76,73,64.55
2024-07-28T10:00,78.26,62,64.15
2024-07-28T11:00,81.68,53,62.86
2024-07-28T12:00,84.02,44,59.73
2024-07-28T13:00,85.82,40,58.67
2024-07-28T14:00,86.36,39,58.44
2024-07-28T15:00,87.26,37,57.77
2024-07-28T16:00,87.8,36,57.48
2024-07-28T17:00,87.44,36,57.17
2024-07-28T18:00,85.82,43,60.7
2024-07-28T19:00,81.14,61,66.39
2024-07-28T20:00,76.46,63,62.91
2024-07-28T21:00,74.3,68,63.04
2024-07-28T22:00,73.94,58,58.21
2024-07-28T23:00,73.22,67,61.59
2024-07-29T00:00,72.5,73,63.34
2024-07-29T01:00,72.32,75,63.94
2024-07-29T02:00,71.96,72,62.43
2024-07-29T03:00,71.42,69,60.71
2024-07-29T04:00,70.7,69,60.02
2024-07-29T05:00,70.52,70,60.25
2024-07-29T06:00,69.62,73,60.57
2024-07-29T07:00,69.8,75,61.51
2024-07-29T08:00,72.14,74,63.38
2024-07-29T09:00,75.74,71,65.65
2024-07-29T10:00,78.8,68,67.33
2024-07-29T11:00,81.86,64,68.46
2024-07-29T12:00,84.56,59,68.63
2024-07-29T13:00,87.08,55,68.92
2024-07-29T14:00,89.24,47,66.33
2024-07-29T15:00,89.96,41,63.06
2024-07-29T16:00,90.14,41,63.22
2024-07-29T17:00,88.52,44,63.78
2024-07-29T18:00,84.38,63,70.38
2024-07-29T19:00,82.94,67,70.83
2024-07-29T20:00,80.6,70,69.89
2024-07-29T21:00,78.8,74,69.79
2024-07-29T22:00,77.18,79,70.15
2024-07-29T23:00,75.74,83,70.2
2024-07-30T00:00,74.84,85,70.02
2024-07-30T01:00,73.76,87,69.64
2024-07-30T02:00,72.68,90,69.57
2024-07-30T03:00,71.96,91,69.18
2024-07-30T04:00,71.78,91,69.01
2024-07-30T05:00,72.14,90,69.04
2024-07-30T06:00,72.32,90,69.22
2024-07-30T07:00,72.86,90,69.75
2024-07-30T08:00,73.76,87,69.64
2024-07-30T09:00,75.74,83,70.2
2024-07-30T10:00,77.54,78,70.12
2024-07-30T11:00,79.7,73,70.26
2024-07-30T12:00,81.32,69,70.15
2024-07-30T13:00,83.12,65,70.11
2024-07-30T14:00,85.46,60,69.96
2024-07-30T15:00,87.08,58,70.48
2024-07-30T16:00,87.62,56,69.95
2024-07-30T17:00,85.28,59,69.3
2024-07-30T18:00,82.04,69,70.84
2024-07-30T19:00,74.12,96,72.9
2024-07-30T20:00,73.58,96,72.37
2024-07-30T21:00,75.56,91,72.74
2024-07-30T22:00,75.56,89,72.08
2024-07-30T23:00,75.02,84,69.85
2024-07-31T00:00,73.94,87,69.82
2024-07-31T01:00,73.04,91,70.25
2024-07-31T02:00,71.78,93,69.64
2024-07-31T03:00,71.6,95,70.09
2024-07-31T04:00,71.6,96,70.4
2024-07-31T05:00,71.6,98,71.0
2024-07-31T06:00,71.42,99,71.12
2024-07-31T07:00,72.14,98,71.54
2024-07-31T08:00,75.02,91,72.21
2024-07-31T09:00,75.92,93,73.74
2024-07-31T10:00,80.06,85,75.13
2024-07-31T11:00,84.2,72,74.17
2024-07-31T12:00,87.44,59,71.32
2024-07-31T13:00,89.78,54,70.88
2024-07-31T14:00,90.68,51,70.02
2024-07-31T15:00,91.22,50,69.94
2024-07-31T16:00,91.58,48,69.07
2024-07-31T17:00,90.68,47,67.64
2024-07-31T18:00,89.78,50,68.62
2024-07-31T19:00,86.9,61,71.8
2024-07-31T20:00,82.76,71,72.37
2024-07-31T21:00,71.78,93,69.64
2024-07-31T22:00,72.32,100,72.32
2024-07-31T23:00,73.58,91,70.78
2024-08-01T00:00,73.58,90,70.46
2024-08-01T01:00,73.4,89,69.95
2024-08-01T02:00,72.86,90,69.75
2024-08-01T03:00,71.24,93,69.11
2024-08-01T04:00,71.96,92,69.5
2024-08-01T05:00,73.22,89,69.78
2024-08-01T06:00,70.16,93,68.04
2024-08-01T07:00,71.6,95,70.09
2024-08-01T08:00,74.48,92,72.0
2024-08-01T09:00,79.34,87,75.12
2024-08-01T10:00,83.3,76,74.92
2024-08-01T11:00,88.34,55,70.09
2024-08-01T12:00,91.22,46,67.5
2024-08-01T13:00,93.2,40,65.24
2024-08-01T14:00,94.82,36,63.65
2024-08-01T15:00,95.54,35,63.47
2024-08-01T16:00,95.9,35,63.79
2024-08-01T17:00,95.0,37,64.59
2024-08-01T18:00,93.38,40,65.4
2024-08-01T19:00,89.78,53,70.33
2024-08-01T20:00,85.46,57,68.46
2024-08-01T21:00,78.44,80,71.74
2024-08-01T22:00,76.64,84,71.43
2024-08-01T23:00,77.36,78,69.95
2024-08-02T00:00,78.08,75,69.49
2024-08-02T01:00,78.08,75,69.49
2024-08-02T02:00,77.18,76,69.01
2024-08-02T03:00,76.46,77,68.7
2024-08-02T04:00,75.74,79,68.75
2024-08-02T05:00,74.84,81,68.61
2024-08-02T06:00,74.48,82,68.61
2024-08-02T07:00,75.02,83,69.49
2024-08-02T08:00,77.9,80,71.22
2024-08-02T09:00,82.22,76,73.88
2024-08-02T10:00,85.46,69,74.1
2024-08-02T11:00,88.7,61,73.49
2024-08-02T12:00,91.94,54,72.87
2024-08-02T13:00,94.64,45,69.95
2024-08-02T14:00,96.26,40,67.96
2024-08-02T15:00,96.98,36,65.54
2024-08-02T16:00,97.16,34,64.06
2024-08-02T17:00,95.36,36,64.12
2024-08-02T18:00,91.04,48,68.58
2024-08-02T19:00,89.42,54,70.55
2024-08-02T20:00,86.72,57,69.63
2024-08-02T21:00,82.4,73,72.85
2024-08-02T22:00,81.32,77,73.4
2024-08-02T23:00,79.34,78,71.87
2024-08-03T00:00,77.72,79,70.67
2024-08-03T01:00,76.82,80,70.17
2024-08-03T02:00,75.56,83,70.02
2024-08-03T03:00,74.66,86,70.18
2024-08-03T04:00,73.94,89,70.48
2024-08-03T05:00,73.58,90,70.46
2024-08-03T06:00,73.4,89,69.95
2024-08-03T07:00,74.12,87,69.99
2024-08-03T08:00,76.64,83,71.08
2024-08-03T09:00,78.44,80,71.74
2024-08-03T10:00,82.22,70,71.44
2024-08-03T11:00,85.46,62,70.92
2024-08-03T12:00,87.8,59,71.65
2024-08-03T13:00,89.6,56,71.79
2024-08-03T14:00,90.14,54,71.21
2024-08-03T15:00,87.8,58,71.15
2024-08-03T16:00,88.52,57,71.31
2024-08-03T17:00,89.78,55,71.42
2024-08-03T18:00,81.68,70,70.92
2024-08-03T19:00,80.96,76,72.66
2024-08-03T20:00,79.88,75,71.23
2024-08-03T21:00,72.14,99,71.84
2024-08-03T22:00,72.86,97,71.96
2024-08-03T23:00,73.58,97,72.67
2024-08-04T00:00,73.76,96,72.54
2024-08-04T01:00,73.4,97,72.49
2024-08-04T02:00,72.86,97,71.96
2024-08-04T03:00,72.5,97,71.6
2024-08-04T04:00,72.32,98,71.72
2024-08-04T05:00,72.14,98,71.54
2024-08-04T06:00,72.14,98,71.54
2024-08-04T07:00,72.86,97,71.96
2024-08-04T08:00,74.3,92,71.82
2024-08-04T09:00,74.48,89,71.02
2024-08-04T10:00,76.46,83,70.9
2024-08-04T11:00,78.98,77,71.14
2024-08-04T12:00,82.04,70,71.26
2024-08-04T13:00,84.56,64,71.01
2024-08-04T14:00,85.82,59,69.8
2024-08-04T15:00,85.46,57,68.46
2024-08-04T16:00,79.34,81,72.99
2024-08-04T17:00,80.96,80,74.19
2024-08-04T18:00,81.86,76,73.53
2024-08-04T19:00,80.24,80,73.49
2024-08-04T20:00,77.0,87,72.82
2024-08-04T21:00,74.84,93,72.67
2024-08-04T22:00,73.76,97,72.85
2024-08-04T23:00,73.4,97,72.49
2024-08-05T00:00,73.04,97,72.14
2024-08-05T01:00,72.68,98,72.08
2024-08-05T02:00,72.14,98,71.54
2024-08-05T03:00,71.96,99,71.66
2024-08-05T04:00,71.6,99,71.3
2024-08-05T05:00,71.24,100,71.24
2024-08-05T06:00,71.24,100,71.24
2024-08-05T07:00,72.14,99,71.84
2024-08-05T08:00,74.84,95,73.31
2024-08-05T09:00,79.16,80,72.44
2024-08-05T10:00,82.94,68,71.27
2024-08-05T11:00,86.72,55,68.59
2024-08-05T12:00,88.34,50,67.3
2024-08-05T13:00,89.78,47,66.82
2024-08-05T14:00,90.68,45,66.38
2024-08-05T15:00,91.76,42,65.36
2024-08-05T16:00,91.22,42,64.87
2024-08-05T17:00,89.78,46,66.2
2024-08-05T18:00,88.34,50,67.3
2024-08-05T19:00,85.28,60,69.79
2024-08-05T20:00,81.5,72,71.58
2024-08-05T21:00,80.24,79,73.12
2024-08-05T22:00,79.7,81,73.34
2024-08-05T23:00,78.98,83,73.36
2024-08-06T00:00,78.26,84,73.01
2024-08-06T01:00,77.18,85,72.31
2024-08-06T02:00,76.46,86,71.95
2024-08-06T03:00,75.74,87,71.59
2024-08-06T04:00,74.84,89,71.37
2024-08-06T05:00,74.3,90,71.17
2024-08-06T06:00,73.58,92,71.11
2024-08-06T07:00,73.94,92,71.46
2024-08-06T08:00,76.64,87,72.47
2024-08-06T09:00,80.6,79,73.47
2024-08-06T10:00,83.12,73,73.54
2024-08-06T11:00,86.0,66,73.29
2024-08-06T12:00,88.34,60,72.66
2024-08-06T13:00,89.6,57,72.31
2024-08-06T14:00,90.5,54,71.54
2024-08-06T15:00,91.04,50,69.77
2024-08-06T16:00,90.68,48,68.25
2024-08-06T17:00,88.16,51,67.71
2024-08-06T18:00,87.26,55,69.09
2024-08-06T19:00,84.74,62,70.25
2024-08-06T20:00,81.86,68,70.24
2024-08-06T21:00,80.06,71,69.79
2024-08-06T22:00,78.44,74,69.45
2024-08-06T23:00,76.82,79,69.8
2024-08-07T00:00,75.74,84,70.55
2024-08-07T01:00,75.38,86,70.89
2024-08-07T02:00,74.84,89,71.37
2024-08-07T03:00,74.66,90,71.52
2024-08-07T04:00,73.76,94,71.92
2024-08-07T05:00,73.58,96,72.37
2024-08-07T06:00,73.22,97,72.31
2024-08-07T07:00,73.76,96,72.54
2024-08-07T08:00,76.64,87,72.47
2024-08-07T09:00,79.52,82,73.53
2024-08-07T10:00,76.28,88,72.45
2024-08-07T11:00,76.28,89,72.79
2024-08-07T12:00,80.78,78,73.26
2024-08-07T13:00,84.02,70,73.16
2024-08-07T14:00,85.46,66,72.78
2024-08-07T15:00,86.54,62,71.94
2024-08-07T16:00,78.98,89,75.45
2024-08-07T17:00,79.52,85,74.6
2024-08-07T18:00,76.82,91,73.99
2024-08-07T19:00,76.82,91,73.99
2024-08-07T20:00,75.74,94,73.88
2024-08-07T21:00,73.94,97,73.03
2024-08-07T22:00,71.6,100,71.6
2024-08-07T23:00,71.42,98,70.82
2024-08-08T00:00,71.42,100,71.42
2024-08-08T01:00,72.68,98,72.08
2024-08-08T02:00,72.68,98,72.08
2024-08-08T03:00,72.32,98,71.72
2024-08-08T04:00,71.96,97,71.06
2024-08-08T05:00,71.6,100,71.6
2024-08-08T06:00,71.78,100,71.78
2024-08-08T07:00,71.96,100,71.96
2024-08-08T08:00,72.32,100,72.32
2024-08-08T09:00,73.58,100,73.58
2024-08-08T10:00,74.3,100,74.3
2024-08-08T11:00,74.84,100,74.84
2024-08-08T12:00,74.84,99,74.54
2024-08-08T13:00,75.74,96,74.51
2024-08-08T14:00,77.54,99,77.24
2024-08-08T15:00,76.46,100,76.46
2024-08-08T16:00,77.9,94,76.03
2024-08-08T17:00,77.36,94,75.49
2024-08-08T18:00,76.28,95,74.74
2024-08-08T19:00,76.28,95,74.74
2024-08-08T20:00,75.74,96,74.51
2024-08-08T21:00,74.3,100,74.3
2024-08-08T22:00,73.4,100,73.4
2024-08-08T23:00,73.76,97,72.85
2024-08-09T00:00,73.04,98,72.44
2024-08-09T01:00,72.86,98,72.26
2024-08-09T02:00,73.22,100,73.22
2024-08-09T03:00,73.4,97,72.49
2024-08-09T04:00,74.12,97,73.21
2024-08-09T05:00,75.2,95,73.66
2024-08-09T06:00,75.02,95,73.49
2024-08-09T07:00,75.56,94,73.71
2024-08-09T08:00,76.28,92,73.78
2024-08-09T09:00,74.48,100,74.48
2024-08-09T10:00,75.92,98,75.31
2024-08-09T11:00,75.38,94,73.53
2024-08-09T12:00,74.84,100,74.84
2024-08-09T13:00,75.56,96,74.34
2024-08-09T14:00,79.88,88,76.0
2024-08-09T15:00,81.68,82,75.63
2024-08-09T16:00,82.58,77,74.62
2024-08-09T17:00,83.3,76,74.92
2024-08-09T18:00,78.98,90,75.79
2024-08-09T19:00,78.08,96,76.84
2024-08-09T20:00,75.74,100,75.74
2024-08-09T21:00,75.92,100,75.92
2024-08-09T22:00,74.84,100,74.84
2024-08-09T23:00,73.04,97,72.14
2024-08-10T00:00,71.78,98,71.18
2024-08-10T01:00,72.5,98,71.9
2024-08-10T02:00,72.86,98,72.26
2024-08-10T03:00,72.86,99,72.56
2024-08-10T04:00,72.68,98,72.08
2024-08-10T05:00,72.5,96,71.29
2024-08-10T06:00,71.42,96,70.22
2024-08-10T07:00,71.24,95,69.73
2024-08-10T08:00,73.4,96,72.19
2024-08-10T09:00,76.28,93,74.1
2024-08-10T10:00,78.62,84,73.37
2024-08-10T11:00,81.86,67,69.8
2024-08-10T12:00,83.48,61,68.59
2024-08-10T13:00,84.02,59,68.12
2024-08-10T14:00,84.74,57,67.79
2024-08-10T15:00,85.28,55,67.25
2024-08-10T16:00,84.92,56,67.44
2024-08-10T17:00,84.02,60,68.61
2024-08-10T18:00,83.12,64,69.65
2024-08-10T19:00,80.78,78,73.26
2024-08-10T20:00,78.62,83,73.01
2024-08-10T21:00,76.46,89,72.97
2024-08-10T22:00,73.94,92,71.46
2024-08-10T23:00,73.22,100,73.22
2024-08-11T00:00,71.24,99,70.94
2024-08-11T01:00,70.7,99,70.4
2024-08-11T02:00,71.24,96,70.04
2024-08-11T03:00,70.34,94,68.53
2024-08-11T04:00,67.64,89,64.28
2024-08-11T05:00,66.56,87,62.56
2024-08-11T06:00,65.84,87,61.86
2024-08-11T07:00,65.3,90,62.29
2024-08-11T08:00,67.64,89,64.28
2024-08-11T09:00,71.96,78,64.71
2024-08-11T10:00,75.2,64,62.17
2024-08-11T11:00,77.9,55,60.41
2024-08-11T12:00,79.34,50,59.06
2024-08-11T13:00,80.6,48,59.07
2024-08-11T14:00,81.5,47,59.3
2024-08-11T15:00,81.68,46,58.86
2024-08-11T16:00,81.32,46,58.53
2024-08-11T17:00,80.6,47,58.48
2024-08-11T18:00,79.52,53,60.87
2024-08-11T19:00,77.72,63,64.1
2024-08-11T20:00,75.74,65,63.12
2024-08-11T21:00,71.6,76,63.62
2024-08-11T22:00,70.7,76,62.75
2024-08-11T23:00,70.34,72,60.87
2024-08-12T00:00,69.62,75,61.33
2024-08-12T01:00,69.8,76,61.88
2024-08-12T02:00,68.72,78,61.57
2024-08-12T03:00,67.1,83,61.76
2024-08-12T04:00,65.66,86,61.35
2024-08-12T05:00,65.66,81,59.66
2024-08-12T06:00,64.76,77,57.38
2024-08-12T07:00,64.4,77,57.03
2024-08-12T08:00,66.92,74,58.35
2024-08-12T09:00,70.88,68,59.78
2024-08-12T10:00,74.48,60,59.67
2024-08-12T11:00,77.18,50,57.08
2024-08-12T12:00,78.98,47,57.01
2024-08-12T13:00,80.42,45,57.11
2024-08-12T14:00,81.68,42,56.33
2024-08-12T15:00,81.5,42,56.17
2024-08-12T16:00,81.68,39,54.29
2024-08-12T17:00,79.88,45,56.62
2024-08-12T18:00,78.62,50,58.4
2024-08-12T19:00,75.92,59,60.54
2024-08-12T20:00,73.22,63,59.85
2024-08-12T21:00,70.7,74,62.0
2024-08-12T22:00,69.44,77,61.91
2024-08-12T23:00,68.54,78,61.4
2024-08-13T00:00,68.9,73,59.88
2024-08-13T01:00,67.64,77,60.16
2024-08-13T02:00,66.2,83,60.88
2024-08-13T03:00,65.12,85,60.49
2024-08-13T04:00,64.22,86,59.94
2024-08-13T05:00,64.4,83,59.12
2024-08-13T06:00,64.58,81,58.61
2024-08-13T07:00,64.76,80,58.44
2024-08-13T08:00,66.2,78,59.13
2024-08-13T09:00,70.34,72,60.87
2024-08-13T10:00,74.3,63,60.87
2024-08-13T11:00,77.36,55,59.91
2024-08-13T12:00,79.34,48,57.92
2024-08-13T13:00,80.96,45,57.59
2024-08-13T14:00,81.5,43,56.82
2024-08-13T15:00,81.86,42,56.49
2024-08-13T16:00,81.5,41,55.5
2024-08-13T17:00,80.78,44,56.81
2024-08-13T18:00,79.7,53,61.03
2024-08-13T19:00,76.46,75,67.93
2024-08-13T20:00,71.96,88,68.2
2024-08-13T21:00,70.88,83,65.45
2024-08-13T22:00,69.98,80,63.52
2024-08-13T23:00,69.08,77,61.56
2024-08-14T00:00,67.82,78,60.7
2024-08-14T01:00,66.56,80,60.19
2024-08-14T02:00,66.02,80,59.67
2024-08-14T03:00,65.66,79,58.96
2024-08-14T04:00,65.12,79,58.44
2024-08-14T05:00,64.76,80,58.44
2024-08-14T06:00,64.22,81,58.26
2024-08-14T07:00,64.4,82,58.78
2024-08-14T08:00,67.46,81,61.42
2024-08-14T09:00,72.32,72,62.77
2024-08-14T10:00,75.74,64,62.68
2024-08-14T11:00,78.8,55,61.25
2024-08-14T12:00,80.6,46,57.88
2024-08-14T13:00,81.68,41,55.66
2024-08-14T14:00,82.76,39,55.25
2024-08-14T15:00,83.3,39,55.73
2024-08-14T16:00,83.48,38,55.17
2024-08-14T17:00,82.94,39,55.41
2024-08-14T18:00,81.32,48,59.73
2024-08-14T19:00,77.9,61,63.35
2024-08-14T20:00,73.22,73,64.03
2024-08-14T21:00,72.68,67,61.08
2024-08-14T22:00,71.24,69,60.53
2024-08-14T23:00,69.98,72,60.53
2024-08-15T00:00,68.9,75,60.64
2024-08-15T01:00,68.18,77,60.69
2024-08-15T02:00,66.92,80,60.54
2024-08-15T03:00,65.66,82,60.01
2024-08-15T04:00,64.94,82,59.31
2024-08-15T05:00,64.04,82,58.43
2024-08-15T06:00,63.5,82,57.9
2024-08-15T07:00,63.5,83,58.24
2024-08-15T08:00,67.1,80,60.72
2024-08-15T09:00,71.96,72,62.43
2024-08-15T10:00,76.1,64,63.02
2024-08-15T11:00,79.52,55,61.91
2024-08-15T12:00,82.04,46,59.19
2024-08-15T13:00,82.94,41,56.79
2024-08-15T14:00,84.02,39,56.37
2024-08-15T15:00,85.1,38,56.6
2024-08-15T16:00,85.64,37,56.34
2024-08-15T17:00,85.64,37,56.34
2024-08-15T18:00,83.66,47,61.26
2024-08-15T19:00,78.26,78,70.82
2024-08-15T20:00,74.12,79,67.18
2024-08-15T21:00,72.68,71,62.72
2024-08-15T22:00,72.14,71,62.2
2024-08-15T23:00,72.14,69,61.39
2024-08-16T00:00,70.52,74,61.82
2024-08-16T01:00,69.62,75,61.33
2024-08-16T02:00,68.0,85,63.32
2024-08-16T03:00,68.54,85,63.84
2024-08-16T04:00,66.74,90,63.71
2024-08-16T05:00,66.38,89,63.03
2024-08-16T06:00,65.3,89,61.97
2024-08-16T07:00,66.74,85,62.08
2024-08-16T08:00,70.52,82,64.75
2024-08-16T09:00,75.2,75,66.72
2024-08-16T10:00,79.34,64,66.08
2024-08-16T11:00,82.22,55,64.42
2024-08-16T12:00,83.3,49,62.11
2024-08-16T13:00,84.2,45,60.52
2024-08-16T14:00,86.36,39,58.44
2024-08-16T15:00,86.54,37,57.14
2024-08-16T16:00,86.36,38,57.72
2024-08-16T17:00,86.18,38,57.56
2024-08-16T18:00,83.66,47,61.26
2024-08-16T19:00,79.88,55,62.25
2024-08-16T20:00,77.36,58,61.41
2024-08-16T21:00,76.46,63,62.91
2024-08-16T22:00,76.1,65,63.46
2024-08-16T23:00,75.2,70,64.73
2024-08-17T00:00,73.94,74,65.12
2024-08-17T01:00,73.4,75,64.98
2024-08-17T02:00,73.04,76,65.01
2024-08-17T03:00,73.4,73,64.21
2024-08-17T04:00,71.6,79,64.73
2024-08-17T05:00,67.82,100,67.82
2024-08-17T06:00,68.0,94,66.21
2024-08-17T07:00,68.0,95,66.51
2024-08-17T08:00,69.62,93,67.5
2024-08-17T09:00,70.7,97,69.8
2024-08-17T10:00,72.68,94,70.85
2024-08-17T11:00,74.12,87,69.99
2024-08-17T12:00,77.54,80,70.87
2024-08-17T13:00,77.9,80,71.22
2024-08-17T14:00,79.34,76,71.1
2024-08-17T15:00,81.86,73,72.33
2024-08-17T16:00,81.68,74,72.56
2024-08-17T17:00,82.76,71,72.37
2024-08-17T18:00,75.74,96,74.51
2024-08-17T19:00,73.22,96,72.01
2024-08-17T20:00,71.6,97,70.7
2024-08-17T21:00,72.32,96,71.11
2024-08-17T22:00,72.5,96,71.29
2024-08-17T23:00,72.14,96,70.93
2024-08-18T00:00,71.78,95,70.27
2024-08-18T01:00,71.6,96,70.4
2024-08-18T02:00,71.42,97,70.52
2024-08-18T03:00,70.88,99,70.58
2024-08-18T04:00,70.88,98,70.29
2024-08-18T05:00,70.88,99,70.58
2024-08-18T06:00,70.88,99,70.58
2024-08-18T07:00,71.24,99,70.94
2024-08-18T08:00,73.22,96,72.01
2024-08-18T09:00,73.58,89,70.13
2024-08-18T10:00,74.84,89,71.37
2024-08-18T11:00,75.92,86,71.42
2024-08-18T12:00,80.96,71,70.65
2024-08-18T13:00,84.2,65,71.13
2024-08-18T14:00,84.56,65,71.47
2024-08-18T15:00,85.82,61,70.78
2024-08-18T16:00,82.94,69,71.7
2024-08-18T17:00,79.7,79,72.59
2024-08-18T18:00,73.04,98,72.44
2024-08-18T19:00,73.04,97,72.14
2024-08-18T20:00,72.68,98,72.08
2024-08-18T21:00,73.04,90,69.93
2024-08-18T22:00,72.14,90,69.04
2024-08-18T23:00,70.88,94,69.06
2024-08-19T00:00,70.34,93,68.22
2024-08-19T01:00,68.9,97,68.01
2024-08-19T02:00,68.18,98,67.59
2024-08-19T03:00,68.18,98,67.59
2024-08-19T04:00,68.18,98,67.59
2024-08-19T05:00,68.54,97,67.65
2024-08-19T06:00,68.36,95,66.87
2024-08-19T07:00,68.36,93,66.25
2024-08-19T08:00,70.88,89,67.47
2024-08-19T09:00,73.22,84,68.08
2024-08-19T10:00,75.56,77,67.83
2024-08-19T11:00,77.9,70,67.31
2024-08-19T12:00,79.88,64,66.59
2024-08-19T13:00,80.96,64,67.61
2024-08-19T14:00,81.86,61,67.07
2024-08-19T15:00,82.58,58,66.28
2024-08-19T16:00,76.46,75,67.93
2024-08-19T17:00,74.66,82,68.79
2024-08-19T18:00,75.02,84,69.85
2024-08-19T19:00,70.88,91,68.12
2024-08-19T20:00,70.16,90,67.08
2024-08-19T21:00,71.06,87,66.99
2024-08-19T22:00,70.52,82,64.75
2024-08-19T23:00,69.44,78,62.27
2024-08-20T00:00,68.18,76,60.32
2024-08-20T01:00,67.82,74,59.22
2024-08-20T02:00,67.46,73,58.49
2024-08-20T03:00,66.56,74,58.01
2024-08-20T04:00,65.66,74,57.14
2024-08-20T05:00,65.3,73,56.42
2024-08-20T06:00,64.94,73,56.07
2024-08-20T07:00,63.86,75,55.78
2024-08-20T08:00,64.22,76,56.49
2024-08-20T09:00,66.38,73,57.46
2024-08-20T10:00,67.46,67,56.11
2024-08-20T11:00,68.54,65,56.3
2024-08-20T12:00,69.8,61,55.73
2024-08-20T13:00,70.34,57,54.37
2024-08-20T14:00,72.32,52,53.69
2024-08-20T15:00,72.32,50,52.62
2024-08-20T16:00,72.68,46,50.69
2024-08-20T17:00,72.68,44,49.5
2024-08-20T18:00,71.42,47,50.13
2024-08-20T19:00,68.72,56,52.38
2024-08-20T20:00,65.84,60,51.56
2024-08-20T21:00,62.6,63,49.82
2024-08-20T22:00,61.34,65,49.47
2024-08-20T23:00,60.44,69,50.22
2024-08-21T00:00,59.18,72,50.16
2024-08-21T01:00,58.46,72,49.47
2024-08-21T02:00,57.92,71,48.57
2024-08-21T03:00,57.02,73,48.45
2024-08-21T04:00,56.48,74,48.29
2024-08-21T05:00,55.94,75,48.13
2024-08-21T06:00,55.22,76,47.79
2024-08-21T07:00,54.86,78,48.13
2024-08-21T08:00,57.74,76,50.22
2024-08-21T09:00,61.16,68,50.51
2024-08-21T10:00,64.76,60,50.54
2024-08-21T11:00,67.64,49,47.79
2024-08-21T12:00,69.62,44,46.73
2024-08-21T13:00,71.24,42,46.96
2024-08-21T14:00,72.86,38,45.75
2024-08-21T15:00,73.58,36,44.97
2024-08-21T16:00,74.66,33,43.63
2024-08-21T17:00,74.12,33,43.16
2024-08-21T18:00,72.5,43,48.72
2024-08-21T19:00,69.98,62,56.35
2024-08-21T20:00,69.44,46,47.75
2024-08-21T21:00,63.14,66,51.59
2024-08-21T22:00,63.86,57,48.33
2024-08-21T23:00,61.7,63,48.97
2024-08-22T00:00,60.08,69,49.87
2024-08-22T01:00,58.46,75,50.56
2024-08-22T02:00,57.56,77,50.4
2024-08-22T03:00,57.74,74,49.51
2024-08-22T04:00,57.02,75,49.17
2024-08-22T05:00,56.48,77,49.36
2024-08-22T06:00,55.58,80,49.51
2024-08-22T07:00,55.4,81,49.67
2024-08-22T08:00,58.64,80,52.49
2024-08-22T09:00,62.6,72,53.44
2024-08-22T10:00,67.28,61,53.36
2024-08-22T11:00,70.34,54,52.89
2024-08-22T12:00,72.32,46,50.37
2024-08-22T13:00,74.3,41,49.06
2024-08-22T14:00,74.66,39,48.04
2024-08-22T15:00,74.48,39,47.88
2024-08-22T16:00,74.84,40,48.88
2024-08-22T17:00,74.48,40,48.56
2024-08-22T18:00,73.4,48,52.5
2024-08-22T19:00,69.98,72,60.53
2024-08-22T20:00,66.02,70,55.95
2024-08-22T21:00,68.36,73,59.36
2024-08-22T22:00,62.42,87,58.5
2024-08-22T23:00,61.88,84,56.99
2024-08-23T00:00,61.34,76,53.71
2024-08-23T01:00,61.34,77,54.06
2024-08-23T02:00,61.7,85,57.14
2024-08-23T03:00,61.52,87,57.61
2024-08-23T04:00,60.62,90,57.67
2024-08-23T05:00,59.0,91,56.37
2024-08-23T06:00,57.38,93,55.37
2024-08-23T07:00,57.74,90,54.83
2024-08-23T08:00,61.7,83,56.48
2024-08-23T09:00,65.66,77,58.25
2024-08-23T10:00,70.88,62,57.2
2024-08-23T11:00,74.3,48,53.32
2024-08-23T12:00,76.28,42,51.48
2024-08-23T13:00,77.72,39,50.77
2024-08-23T14:00,79.16,38,51.34
2024-08-23T15:00,79.88,37,51.26
2024-08-23T16:00,80.06,38,52.14
2024-08-23T17:00,79.52,40,53.06
2024-08-23T18:00,77.54,50,57.41
2024-08-23T19:00,72.5,61,58.27
2024-08-23T20:00,68.18,63,55.1
2024-08-23T21:00,66.56,62,53.13
2024-08-23T22:00,64.76,63,51.86
2024-08-23T23:00,64.58,62,51.26
2024-08-24T00:00,63.68,68,52.92
2024-08-24T01:00,63.14,72,53.96
2024-08-24T02:00,62.42,76,54.75
2024-08-24T03:00,61.7,79,55.12
2024-08-24T04:00,61.16,81,55.28
2024-08-24T05:00,60.62,82,55.09
2024-08-24T06:00,59.9,83,54.72
2024-08-24T07:00,60.26,83,55.07
2024-08-24T08:00,63.32,81,57.38
2024-08-24T09:00,67.28,78,60.18
2024-08-24T10:00,71.42,69,60.71
2024-08-24T11:00,75.02,58,59.22
2024-08-24T12:00,77.9,48,56.61
2024-08-24T13:00,79.7,44,55.83
2024-08-24T14:00,81.32,42,56.01
2024-08-24T15:00,82.04,40,55.3
2024-08-24T16:00,82.22,40,55.46
2024-08-24T17:00,81.86,41,55.82
2024-08-24T18:00,80.06,50,59.72
2024-08-24T19:00,75.56,64,62.51
2024-08-24T20:00,70.7,63,57.47
2024-08-24T21:00,68.54,62,54.99
2024-08-24T22:00,67.46,63,54.42
2024-08-24T23:00,66.56,68,55.66
2024-08-25T00:00,65.84,74,57.31
2024-08-25T01:00,64.94,78,57.91
2024-08-25T02:00,64.4,80,58.09
2024-08-25T03:00,63.86,82,58.25
2024-08-25T04:00,63.14,84,58.22
2024-08-25T05:00,62.6,84,57.69
2024-08-25T06:00,61.88,84,56.99
2024-08-25T07:00,62.24,82,56.67
2024-08-25T08:00,65.48,80,59.14
2024-08-25T09:00,69.8,73,60.74
2024-08-25T10:00,74.84,61,60.47
2024-08-25T11:00,78.44,53,59.87
2024-08-25T12:00,80.96,49,59.98
2024-08-25T13:00,82.94,45,59.38
2024-08-25T14:00,84.2,42,58.59
2024-08-25T15:00,84.92,41,58.56
2024-08-25T16:00,84.92,41,58.56
2024-08-25T17:00,84.38,43,59.41
2024-08-25T18:00,82.58,51,62.59
2024-08-25T19:00,77.72,60,62.71
2024-08-25T20:00,73.4,60,58.66
2024-08-25T21:00,71.42,64,58.59
2024-08-25T22:00,70.16,66,58.26
2024-08-25T23:00,69.26,70,59.05
2024-08-26T00:00,68.54,74,59.91
2024-08-26T01:00,67.82,77,60.34
2024-08-26T02:00,67.28,78,60.18
2024-08-26T03:00,66.74,81,60.72
2024-08-26T04:00,66.38,84,61.39
2024-08-26T05:00,66.02,87,62.03
2024-08-26T06:00,65.84,87,61.86
2024-08-26T07:00,65.84,85,61.2
2024-08-26T08:00,68.72,79,61.94
2024-08-26T09:00,68.9,91,66.16
2024-08-26T10:00,70.34,96,69.14
2024-08-26T11:00,74.66,86,70.18
2024-08-26T12:00,78.26,78,70.82
2024-08-26T13:00,83.12,63,69.19
2024-08-26T14:00,86.18,56,68.61
2024-08-26T15:00,84.92,59,68.96
2024-08-26T16:00,79.16,77,71.31
2024-08-26T17:00,81.86,73,72.33
2024-08-26T18:00,81.5,76,73.18
2024-08-26T19:00,78.98,89,75.45
2024-08-26T20:00,76.46,91,73.63
2024-08-26T21:00,74.12,94,72.28
2024-08-26T22:00,73.22,94,71.38
2024-08-26T23:00,73.4,91,70.61
2024-08-27T00:00,72.68,91,69.89
2024-08-27T01:00,71.78,93,69.64
2024-08-27T02:00,71.24,93,69.11
2024-08-27T03:00,70.7,92,68.26
2024-08-27T04:00,70.34,91,67.58
2024-08-27T05:00,69.8,91,67.05
2024-08-27T06:00,69.26,91,66.52
2024-08-27T07:00,69.26,90,66.2
2024-08-27T08:00,72.68,85,67.9
2024-08-27T09:00,77.18,76,69.01
2024-08-27T10:00,80.78,59,65.09
2024-08-27T11:00,84.2,49,62.94
2024-08-27T12:00,86.54,41,60.01
2024-08-27T13:00,88.52,40,61.07
2024-08-27T14:00,89.78,38,60.74
2024-08-27T15:00,88.34,40,60.91
2024-08-27T16:00,89.96,39,61.64
2024-08-27T17:00,88.88,41,62.09
2024-08-27T18:00,85.1,48,63.17
2024-08-27T19:00,79.88,54,61.73
2024-08-27T20:00,77.36,57,60.92
2024-08-27T21:00,75.92,60,61.02
2024-08-27T22:00,75.56,61,61.15
2024-08-27T23:00,75.02,63,61.55
2024-08-28T00:00,74.3,65,61.76
2024-08-28T01:00,73.76,68,62.52
2024-08-28T02:00,73.4,69,62.6
2024-08-28T03:00,72.68,72,63.12
2024-08-28T04:00,72.32,75,63.94
2024-08-28T05:00,71.96,80,65.44
2024-08-28T06:00,71.42,85,66.67
2024-08-28T07:00,71.42,89,68.0
2024-08-28T08:00,74.3,86,69.83
2024-08-28T09:00,76.82,87,72.65
2024-08-28T10:00,81.14,76,72.84
2024-08-28T11:00,82.58,68,70.92
2024-08-28T12:00,87.26,57,70.13
2024-08-28T13:00,91.58,51,70.85
2024-08-28T14:00,93.74,45,69.14
2024-08-28T15:00,94.64,42,67.93
2024-08-28T16:00,94.46,43,68.46
2024-08-28T17:00,91.76,49,69.84
2024-08-28T18:00,89.6,59,73.34
2024-08-28T19:00,86.36,66,73.63
2024-08-28T20:00,82.4,73,72.85
2024-08-28T21:00,80.78,71,70.48
2024-08-28T22:00,79.34,81,72.99
2024-08-28T23:00,78.08,84,72.84
2024-08-29T00:00,77.54,81,71.23
2024-08-29T01:00,76.46,85,71.6
2024-08-29T02:00,76.46,84,71.25
2024-08-29T03:00,77.18,82,71.25
2024-08-29T04:00,76.28,84,71.08
2024-08-29T05:00,74.84,88,71.04
2024-08-29T06:00,74.12,89,70.66
2024-08-29T07:00,73.76,89,70.31
2024-08-29T08:00,76.82,82,70.89
2024-08-29T09:00,78.8,82,72.83
2024-08-29T10:00,80.42,82,74.4
2024-08-29T11:00,78.8,89,75.27
2024-08-29T12:00,75.74,100,75.74
2024-08-29T13:00,80.42,89,76.87
2024-08-29T14:00,83.3,78,75.7
2024-08-29T15:00,84.56,69,73.24
2024-08-29T16:00,85.28,67,73.05
2024-08-29T17:00,83.66,72,73.65
2024-08-29T18:00,82.22,75,73.48
2024-08-29T19:00,80.24,81,73.86
2024-08-29T20:00,77.54,87,73.35
2024-08-29T21:00,72.14,100,72.14
2024-08-29T22:00,71.6,100,71.6
2024-08-29T23:00,71.24,100,71.24
2024-08-30T00:00,71.24,100,71.24
2024-08-30T01:00,71.06,100,71.06
2024-08-30T02:00,71.06,100,71.06
2024-08-30T03:00,71.24,100,71.24
2024-08-30T04:00,70.88,100,70.88
2024-08-30T05:00,70.88,98,70.29
2024-08-30T06:00,70.34,100,70.34
2024-08-30T07:00,70.7,98,70.11
2024-08-30T08:00,71.24,98,70.64
2024-08-30T09:00,70.52,96,69.32
2024-08-30T10:00,71.42,93,69.29
2024-08-30T11:00,73.04,88,69.27
2024-08-30T12:00,74.84,83,69.32
2024-08-30T13:00,75.56,81,69.31
2024-08-30T14:00,76.1,79,69.1
2024-08-30T15:00,77.0,77,69.22
2024-08-30T16:00,77.36,76,69.19
2024-08-30T17:00,78.08,74,69.1
2024-08-30T18:00,77.72,75,69.15
2024-08-30T19:00,76.1,80,69.47
2024-08-30T20:00,73.4,87,69.29
2024-08-30T21:00,71.78,86,67.36
2024-08-30T22:00,71.24,88,67.5
2024-08-30T23:00,70.88,88,67.14
2024-08-31T00:00,70.52,89,67.11
2024-08-31T01:00,70.88,88,67.14
2024-08-31T02:00,70.88,88,67.14
2024-08-31T03:00,70.7,88,66.96
2024-08-31T04:00,70.34,90,67.26
2024-08-31T05:00,70.52,90,67.44
2024-08-31T06:00,70.52,91,67.76
2024-08-31T07:00,70.52,91,67.76
2024-08-31T08:00,71.96,88,68.2
2024-08-31T09:00,73.04,83,67.56
2024-08-31T10:00,74.3,79,67.35
2024-08-31T11:00,76.46,73,67.15
2024-08-31T12:00,78.8,69,67.75
2024-08-31T13:00,79.7,68,68.18
2024-08-31T14:00,81.86,63,68.0
2024-08-31T15:00,83.84,59,67.95
2024-08-31T16:00,83.84,59,67.95
2024-08-31T17:00,84.2,58,67.79
2024-08-31T18:00,83.48,59,67.62
2024-08-31T19:00,79.7,71,69.44
2024-08-31T20:00,77.18,75,68.63
2024-08-31T21:00,71.42,100,71.42
2024-08-31T22:00,71.24,97,70.34
2024-08-31T23:00,71.06,97,70.16
2024-09-01T00:00,70.88,97,69.98
2024-09-01T01:00,70.88,98,70.29
2024-09-01T02:00,70.7,97,69.8
2024-09-01T03:00,70.7,97,69.8
2024-09-01T04:00,70.52,97,69.63
2024-09-01T05:00,69.98,97,69.09
2024-09-01T06:00,69.98,98,69.39
2024-09-01T07:00,69.8,98,69.21
2024-09-01T08:00,71.42,98,70.82
2024-09-01T09:00,73.4,92,70.93
2024-09-01T10:00,75.38,86,70.89
2024-09-01T11:00,75.92,84,70.73
2024-09-01T12:00,73.76,90,70.64
2024-09-01T13:00,76.1,84,70.9
2024-09-01T14:00,80.78,74,71.7
2024-09-01T15:00,82.76,68,71.1
2024-09-01T16:00,82.76,68,71.1
2024-09-01T17:00,81.68,70,70.92
2024-09-01T18:00,78.44,79,71.37
2024-09-01T19:00,77.0,84,71.78
2024-09-01T20:00,75.38,88,71.57
2024-09-01T21:00,75.02,90,71.88
2024-09-01T22:00,73.76,94,71.92
2024-09-01T23:00,73.58,95,72.06
2024-09-02T00:00,73.04,97,72.14
2024-09-02T01:00,72.32,98,71.72
2024-09-02T02:00,71.6,98,71.0
2024-09-02T03:00,70.7,98,70.11
2024-09-02T04:00,70.34,94,68.53
2024-09-02T05:00,70.16,85,65.43
2024-09-02T06:00,69.44,77,61.91
2024-09-02T07:00,68.54,75,60.29
2024-09-02T08:00,69.08,73,60.05
2024-09-02T09:00,71.06,64,58.25
2024-09-02T10:00,72.68,58,57.04
2024-09-02T11:00,74.12,55,56.9
2024-09-02T12:00,77.72,50,57.58
2024-09-02T13:00,77.54,49,56.85
2024-09-02T14:00,78.98,45,55.8
2024-09-02T15:00,79.34,42,54.23
2024-09-02T16:00,78.8,39,51.73
2024-09-02T17:00,77.9,36,48.77
2024-09-02T18:00,76.28,38,48.79
2024-09-02T19:00,72.14,47,50.78
2024-09-02T20:00,68.54,53,50.72
2024-09-02T21:00,66.74,58,51.48
2024-09-02T22:00,65.84,55,49.21
2024-09-02T23:00,64.76,55,48.21
2024-09-03T00:00,63.68,56,47.69
2024-09-03T01:00,62.78,58,47.78
2024-09-03T02:00,62.06,59,47.56
2024-09-03T03:00,61.52,61,47.94
2024-09-03T04:00,60.62,62,47.53
2024-09-03T05:00,59.18,61,45.74
2024-09-03T06:00,58.28,61,44.89
2024-09-03T07:00,57.2,64,45.13
2024-09-03T08:00,58.82,64,46.67
2024-09-03T09:00,62.42,62,49.22
2024-09-03T10:00,65.66,53,48.06
2024-09-03T11:00,68.36,42,44.37
2024-09-03T12:00,70.34,37,42.82
2024-09-03T13:00,72.14,33,41.43
2024-09-03T14:00,73.4,31,40.91
2024-09-03T15:00,73.94,29,39.66
2024-09-03T16:00,73.58,30,40.22
2024-09-03T17:00,72.68,31,40.29
2024-09-03T18:00,70.88,36,42.59
2024-09-03T19:00,67.28,49,47.46
2024-09-03T20:00,64.58,50,45.52
2024-09-03T21:00,62.06,53,44.73
2024-09-03T22:00,61.52,56,45.67
2024-09-03T23:00,60.08,65,48.27
2024-09-04T00:00,59.36,73,50.7
2024-09-04T01:00,59.0,78,52.15
2024-09-04T02:00,58.46,81,52.65
2024-09-04T03:00,58.28,81,52.47
2024-09-04T04:00,58.28,82,52.81
2024-09-04T05:00,57.74,83,52.61
2024-09-04T06:00,56.66,87,52.83
2024-09-04T07:00,55.94,89,52.74
2024-09-04T08:00,60.26,81,54.4
2024-09-04T09:00,64.04,74,55.58
2024-09-04T10:00,67.82,60,53.42
2024-09-04T11:00,70.52,49,50.43
2024-09-04T12:00,72.32,41,47.29
2024-09-04T13:00,73.76,39,47.24
2024-09-04T14:00,74.66,41,49.38
2024-09-04T15:00,75.2,42,50.51
2024-09-04T16:00,74.84,44,51.45
2024-09-04T17:00,74.12,47,52.58
2024-09-04T18:00,73.04,52,54.36
2024-09-04T19:00,69.62,63,56.45
2024-09-04T20:00,66.38,68,55.49
2024-09-04T21:00,64.94,70,54.91
2024-09-04T22:00,63.68,71,54.1
2024-09-04T23:00,61.88,76,54.23
2024-09-05T00:00,61.52,80,55.29
2024-09-05T01:00,60.98,83,55.78
2024-09-05T02:00,60.98,86,56.76
2024-09-05T03:00,60.98,89,57.71
2024-09-05T04:00,60.44,93,58.4
2024-09-05T05:00,59.9,94,58.17
2024-09-05T06:00,59.18,97,58.33
2024-09-05T07:00,59.0,97,58.15
2024-09-05T08:00,62.42,90,59.44
2024-09-05T09:00,65.66,82,60.01
2024-09-05T10:00,69.44,68,58.41
2024-09-05T11:00,71.78,60,57.14
2024-09-05T12:00,73.58,55,56.4
2024-09-05T13:00,75.74,51,56.31
2024-09-05T14:00,76.82,49,56.19
2024-09-05T15:00,77.9,47,56.02
2024-09-05T16:00,78.44,44,54.7
2024-09-05T17:00,78.44,42,53.42
2024-09-05T18:00,76.82,47,55.04
2024-09-05T19:00,72.32,62,58.56
2024-09-05T20:00,69.26,67,57.82
2024-09-05T21:00,66.02,70,55.95
2024-09-05T22:00,64.94,76,57.19
2024-09-05T23:00,64.4,80,58.09
2024-09-06T00:00,63.68,85,59.08
2024-09-06T01:00,62.96,89,59.66
2024-09-06T02:00,62.24,92,59.88
2024-09-06T03:00,61.88,95,60.43
2024-09-06T04:00,61.7,97,60.84
2024-09-06T05:00,61.52,98,60.95
2024-09-06T06:00,61.52,98,60.95
2024-09-06T07:00,61.88,98,61.31
2024-09-06T08:00,65.12,93,63.04
2024-09-06T09:00,66.56,87,62.56
2024-09-06T10:00,67.46,83,62.11
2024-09-06T11:00,69.44,77,61.91
2024-09-06T12:00,72.32,70,61.97
2024-09-06T13:00,73.58,67,61.93
2024-09-06T14:00,74.84,64,61.83
2024-09-06T15:00,75.74,63,62.23
2024-09-06T16:00,76.64,61,62.16
2024-09-06T17:00,76.82,61,62.33
2024-09-06T18:00,76.28,62,62.29
2024-09-06T19:00,73.58,81,67.38
2024-09-06T20:00,68.72,84,63.68
2024-09-06T21:00,69.26,78,62.1
2024-09-06T22:00,68.18,78,61.05
2024-09-06T23:00,66.56,83,61.23
2024-09-07T00:00,66.02,87,62.03
2024-09-07T01:00,65.66,90,62.64
2024-09-07T02:00,65.3,93,63.22
2024-09-07T03:00,65.12,95,63.65
2024-09-07T04:00,64.58,98,64.0
2024-09-07T05:00,64.58,98,64.0
2024-09-07T06:00,64.58,99,64.29
2024-09-07T07:00,64.76,99,64.47
2024-09-07T08:00,67.1,93,65.0
2024-09-07T09:00,70.34,85,65.61
2024-09-07T10:00,73.04,77,65.39
2024-09-07T11:00,75.92,68,64.58
2024-09-07T12:00,77.18,62,63.13
2024-09-07T13:00,71.96,71,62.03
2024-09-07T14:00,70.7,57,54.71
2024-09-07T15:00,68.9,51,50.02
2024-09-07T16:00,66.2,65,54.08
2024-09-07T17:00,67.28,65,55.1
2024-09-07T18:00,66.38,77,58.94
2024-09-07T19:00,65.12,84,60.16
2024-09-07T20:00,62.78,85,58.2
2024-09-07T21:00,58.46,95,57.03
2024-09-07T22:00,59.72,88,56.16
2024-09-07T23:00,61.88,55,45.53
2024-09-08T00:00,61.52,53,44.23
2024-09-08T01:00,59.72,58,44.92
2024-09-08T02:00,57.74,64,45.64
2024-09-08T03:00,55.94,70,46.3
2024-09-08T04:00,54.86,74,46.73
2024-09-08T05:00,53.96,76,46.57
2024-09-08T06:00,53.24,76,45.87
2024-09-08T07:00,52.52,78,45.86
2024-09-08T08:00,55.22,74,47.08
2024-09-08T09:00,59.18,63,46.59
2024-09-08T10:00,61.88,53,44.56
2024-09-08T11:00,64.22,49,44.65
2024-09-08T12:00,66.38,45,44.39
2024-09-08T13:00,68.54,42,44.53
2024-09-08T14:00,70.34,36,42.11
2024-09-08T15:00,71.6,33,40.96
2024-09-08T16:00,71.96,33,41.28
2024-09-08T17:00,71.78,34,41.89
2024-09-08T18:00,70.52,38,43.68
2024-09-08T19:00,66.2,54,49.06
2024-09-08T20:00,63.32,57,47.82
2024-09-08T21:00,60.98,60,46.99
2024-09-08T22:00,59.36,64,47.18
2024-09-08T23:00,58.1,67,47.2
2024-09-09T00:00,56.66,70,46.99
2024-09-09T01:00,55.94,73,47.41
2024-09-09T02:00,54.86,76,47.44
2024-09-09T03:00,54.32,73,45.85
2024-09-09T04:00,53.42,71,44.25
2024-09-09T05:00,52.7,71,43.56
2024-09-09T06:00,52.16,71,43.05
2024-09-09T07:00,51.98,70,42.5
2024-09-09T08:00,55.76,65,44.17
2024-09-09T09:00,60.8,61,47.26
2024-09-09T10:00,66.74,46,45.29
2024-09-09T11:00,70.52,37,42.98
2024-09-09T12:00,72.86,33,42.06
2024-09-09T13:00,74.3,31,41.69
2024-09-09T14:00,75.2,31,42.47
2024-09-09T15:00,75.74,31,42.94
2024-09-09T16:00,75.74,32,43.77
2024-09-09T17:00,75.38,32,43.46
2024-09-09T18:00,73.58,40,47.76
2024-09-09T19:00,69.08,55,52.22
2024-09-09T20:00,65.48,58,50.31
2024-09-09T21:00,63.86,59,49.25
2024-09-09T22:00,62.78,61,49.13
2024-09-09T23:00,62.24,61,48.62
2024-09-10T00:00,60.98,68,50.34
2024-09-10T01:00,59.72,73,51.05
2024-09-10T02:00,58.28,77,51.1
2024-09-10T03:00,57.2,79,50.75
2024-09-10T04:00,56.3,80,50.21
2024-09-10T05:00,55.4,82,50.0
2024-09-10T06:00,54.5,83,49.44
2024-09-10T07:00,54.14,83,49.09
2024-09-10T08:00,58.46,72,49.47
2024-09-10T09:00,64.58,64,52.12
2024-09-10T10:00,70.88,49,50.76
2024-09-10T11:00,75.2,43,51.15
2024-09-10T12:00,78.08,41,52.44
2024-09-10T13:00,79.88,41,54.05
2024-09-10T14:00,81.14,39,53.81
2024-09-10T15:00,81.5,38,53.42
2024-09-10T16:00,81.68,37,52.85
2024-09-10T17:00,81.14,39,53.81
2024-09-10T18:00,78.98,48,57.59
2024-09-10T19:00,73.76,67,62.1
2024-09-10T20:00,69.98,67,58.51
2024-09-10T21:00,67.82,72,58.45
2024-09-10T22:00,66.02,76,58.23
2024-09-10T23:00,65.12,78,58.08
2024-09-11T00:00,64.22,81,58.26
2024-09-11T01:00,64.76,78,57.73
2024-09-11T02:00,64.58,77,57.2
2024-09-11T03:00,62.6,80,56.34
2024-09-11T04:00,60.26,85,55.73
2024-09-11T05:00,59.9,83,54.72
2024-09-11T06:00,60.8,79,54.24
2024-09-11T07:00,60.26,82,54.74
2024-09-11T08:00,62.6,83,57.36
2024-09-11T09:00,68.72,75,60.47
2024-09-11T10:00,73.94,64,60.98
2024-09-11T11:00,77.72,52,58.67
2024-09-11T12:00,80.42,44,56.48
2024-09-11T13:00,82.22,40,55.46
2024-09-11T14:00,82.04,39,54.61
2024-09-11T15:00,81.5,41,55.5
2024-09-11T16:00,81.86,40,55.14
2024-09-11T17:00,80.96,41,55.02
2024-09-11T18:00,78.26,48,56.94
2024-09-11T19:00,73.94,57,57.73
2024-09-11T20:00,70.52,61,56.41
2024-09-11T21:00,68.36,74,59.74
2024-09-11T22:00,66.56,75,58.38
2024-09-11T23:00,65.3,79,58.61
2024-09-12T00:00,64.04,84,59.1
2024-09-12T01:00,63.32,89,60.02
2024-09-12T02:00,62.78,92,60.42
2024-09-12T03:00,62.24,94,60.49
2024-09-12T04:00,61.88,96,60.73
2024-09-12T05:00,61.52,98,60.95
2024-09-12T06:00,60.98,99,60.7
2024-09-12T07:00,61.16,99,60.88
2024-09-12T08:00,63.14,98,62.56
2024-09-12T09:00,66.38,93,64.29
2024-09-12T10:00,71.24,78,64.02
2024-09-12T11:00,74.66,62,60.76
2024-09-12T12:00,77.0,50,56.92
2024-09-12T13:00,78.44,42,53.42
2024-09-12T14:00,79.34,39,52.21
2024-09-12T15:00,79.34,41,53.57
2024-09-12T16:00,79.52,43,55.04
2024-09-12T17:00,78.98,43,54.55
2024-09-12T18:00,76.82,49,56.19
2024-09-12T19:00,72.32,62,58.56
2024-09-12T20:00,68.72,70,58.53
2024-09-12T21:00,66.38,75,58.21
2024-09-12T22:00,65.48,80,59.14
2024-09-12T23:00,64.58,85,59.96
2024-09-13T00:00,64.04,88,60.41
2024-09-13T01:00,63.68,90,60.69
2024-09-13T02:00,63.5,95,62.04
2024-09-13T03:00,63.68,96,62.52
2024-09-13T04:00,63.68,97,62.81
2024-09-13T05:00,63.68,98,63.1
2024-09-13T06:00,63.68,99,63.39
2024-09-13T07:00,63.86,99,63.57
2024-09-13T08:00,66.38,95,64.9
2024-09-13T09:00,68.18,89,64.81
2024-09-13T10:00,71.96,78,64.71
2024-09-13T11:00,73.76,72,64.16
2024-09-13T12:00,75.56,67,63.82
2024-09-13T13:00,77.9,61,63.35
2024-09-13T14:00,80.24,54,62.06
2024-09-13T15:00,80.78,51,60.94
2024-09-13T16:00,79.88,53,61.2
2024-09-13T17:00,79.16,53,60.53
2024-09-13T18:00,77.72,58,61.74
2024-09-13T19:00,73.94,67,62.27
2024-09-13T20:00,70.88,73,61.78
2024-09-13T21:00,69.98,78,62.8
2024-09-13T22:00,68.54,82,62.82
2024-09-13T23:00,67.64,84,62.63
2024-09-14T00:00,66.38,85,61.73
2024-09-14T01:00,65.48,88,61.83
2024-09-14T02:00,64.58,92,62.2
2024-09-14T03:00,64.04,96,62.87
2024-09-14T04:00,63.5,97,62.63
2024-09-14T05:00,63.32,98,62.74
2024-09-14T06:00,63.14,98,62.56
2024-09-14T07:00,62.96,98,62.39
2024-09-14T08:00,65.66,92,63.27
2024-09-14T09:00,69.62,81,63.52
2024-09-14T10:00,73.22,65,60.73
2024-09-14T11:00,76.28,53,57.87
2024-09-14T12:00,78.26,49,57.51
2024-09-14T13:00,79.88,46,57.23
2024-09-14T14:00,80.6,45,57.27
2024-09-14T15:00,81.14,43,56.49
2024-09-14T16:00,81.32,40,54.66
2024-09-14T17:00,80.42,39,53.17
2024-09-14T18:00,77.9,46,55.43
2024-09-14T19:00,73.4,54,55.73
2024-09-14T20:00,69.98,58,54.51
2024-09-14T21:00,67.46,62,53.98
2024-09-14T22:00,66.2,69,55.72
2024-09-14T23:00,64.94,83,59.65
2024-09-15T00:00,64.04,94,62.28
2024-09-15T01:00,63.68,97,62.81
2024-09-15T02:00,63.5,97,62.63
2024-09-15T03:00,63.32,97,62.45
2024-09-15T04:00,63.14,97,62.27
2024-09-15T05:00,62.78,97,61.91
2024-09-15T06:00,62.24,97,61.38
2024-09-15T07:00,61.7,95,60.25
2024-09-15T08:00,64.22,86,59.94
2024-09-15T09:00,68.36,78,61.23
2024-09-15T10:00,70.88,70,60.6
2024-09-15T11:00,73.4,63,60.02
2024-09-15T12:00,75.38,58,59.56
2024-09-15T13:00,77.36,56,60.42
2024-09-15T14:00,79.16,52,60.0
2024-09-15T15:00,79.88,48,58.41
2024-09-15T16:00,80.42,45,57.11
2024-09-15T17:00,79.7,43,55.2
2024-09-15T18:00,77.36,46,54.94
2024-09-15T19:00,73.4,55,56.24
2024-09-15T20:00,70.16,57,54.2
2024-09-15T21:00,68.54,63,55.44
2024-09-15T22:00,66.56,61,52.68
2024-09-15T23:00,64.4,65,52.37
2024-09-16T00:00,61.88,78,54.94
2024-09-16T01:00,60.62,90,57.67
2024-09-16T02:00,60.62,95,59.18
2024-09-16T03:00,60.26,97,59.4
2024-09-16T04:00,60.26,97,59.4
2024-09-16T05:00,60.62,96,59.47
2024-09-16T06:00,60.8,96,59.65
2024-09-16T07:00,60.8,95,59.36
2024-09-16T08:00,62.96,88,59.35
2024-09-16T09:00,64.94,84,59.98
2024-09-16T10:00,68.9,70,58.7
2024-09-16T11:00,72.68,60,57.98
2024-09-16T12:00,74.48,56,57.74
2024-09-16T13:00,73.94,58,58.21
2024-09-16T14:00,74.3,59,59.03
2024-09-16T15:00,75.02,58,59.22
2024-09-16T16:00,75.92,55,58.57
2024-09-16T17:00,74.66,62,60.76
2024-09-16T18:00,73.58,67,61.93
2024-09-16T19:00,71.78,72,62.26
2024-09-16T20:00,70.34,76,62.41
2024-09-16T21:00,69.26,79,62.46
2024-09-16T22:00,68.54,81,62.47
2024-09-16T23:00,68.0,82,62.29
2024-09-17T00:00,67.82,83,62.46
2024-09-17T01:00,67.46,84,62.45
2024-09-17T02:00,66.74,87,62.74
2024-09-17T03:00,66.56,89,63.21
2024-09-17T04:00,66.2,92,63.8
2024-09-17T05:00,66.74,91,64.02
2024-09-17T06:00,67.1,92,64.69
2024-09-17T07:00,67.64,92,65.23
2024-09-17T08:00,69.62,88,65.9
2024-09-17T09:00,71.06,87,66.99
2024-09-17T10:00,73.22,80,66.67
2024-09-17T11:00,75.2,73,65.94
2024-09-17T12:00,76.82,66,64.58
2024-09-17T13:00,75.2,71,65.13
2024-09-17T14:00,74.12,77,66.43
2024-09-17T15:00,72.14,87,68.05
2024-09-17T16:00,71.96,91,69.18
2024-09-17T17:00,69.98,100,69.98
2024-09-17T18:00,69.08,100,69.08
2024-09-17T19:00,69.26,96,68.07
2024-09-17T20:00,68.9,97,68.01
2024-09-17T21:00,67.82,96,66.64
2024-09-17T22:00,67.28,96,66.1
2024-09-17T23:00,67.28,96,66.1
2024-09-18T00:00,67.1,97,66.22
2024-09-18T01:00,67.46,97,66.58
2024-09-18T02:00,67.46,97,66.58
2024-09-18T03:00,67.28,97,66.4
2024-09-18T04:00,66.56,100,66.56
2024-09-18T05:00,66.92,100,66.92
2024-09-18T06:00,67.1,100,67.1
2024-09-18T07:00,67.46,100,67.46
2024-09-18T08:00,68.18,100,68.18
2024-09-18T09:00,69.44,98,68.85
2024-09-18T10:00,70.7,95,69.19
2024-09-18T11:00,72.86,88,69.09
2024-09-18T12:00,74.12,81,67.9
2024-09-18T13:00,77.9,66,65.61
2024-09-18T14:00,78.26,58,62.25
2024-09-18T15:00,78.8,56,61.76
2024-09-18T16:00,78.62,59,63.07
2024-09-18T17:00,77.0,66,64.75
2024-09-18T18:00,75.38,74,66.5
2024-09-18T19:00,73.22,78,65.94
2024-09-18T20:00,71.78,81,65.63
2024-09-18T21:00,68.36,96,67.17
2024-09-18T22:00,68.18,96,66.99
2024-09-18T23:00,67.28,98,66.69
2024-09-19T00:00,66.74,97,65.86
2024-09-19T01:00,65.84,96,64.67
2024-09-19T02:00,65.3,96,64.13
2024-09-19T03:00,64.94,95,63.47
2024-09-19T04:00,64.4,95,62.93
2024-09-19T05:00,63.5,95,62.04
2024-09-19T06:00,62.96,95,61.5
2024-09-19T07:00,62.6,95,61.15
2024-09-19T08:00,64.4,92,62.02
2024-09-19T09:00,68.72,91,65.98
2024-09-19T10:00,71.6,81,65.45
2024-09-19T11:00,73.94,76,65.88
2024-09-19T12:00,77.0,66,64.75
2024-09-19T13:00,78.26,62,64.15
2024-09-19T14:00,78.44,62,64.32
2024-09-19T15:00,78.08,64,64.89
2024-09-19T16:00,78.98,62,64.83
2024-09-19T17:00,78.44,63,64.78
2024-09-19T18:00,76.82,74,67.89
2024-09-19T19:00,73.58,83,68.09
2024-09-19T20:00,70.16,92,67.72
2024-09-19T21:00,71.6,81,65.45
2024-09-19T22:00,69.8,82,64.05
2024-09-19T23:00,68.0,85,63.32
2024-09-20T00:00,66.56,88,62.89
2024-09-20T01:00,65.48,88,61.83
2024-09-20T02:00,64.94,86,60.65
2024-09-20T03:00,64.22,87,60.26
2024-09-20T04:00,63.32,89,60.02
2024-09-20T05:00,62.6,89,59.31
2024-09-20T06:00,61.88,85,57.32
2024-09-20T07:00,60.98,83,55.78
2024-09-20T08:00,63.14,83,57.89
2024-09-20T09:00,69.8,82,64.05
2024-09-20T10:00,73.76,76,65.71
2024-09-20T11:00,76.64,67,64.84
2024-09-20T12:00,77.9,61,63.35
2024-09-20T13:00,79.16,57,62.59
2024-09-20T14:00,80.24,54,62.06
2024-09-20T15:00,80.78,52,61.49
2024-09-20T16:00,80.42,52,61.16
2024-09-20T17:00,79.16,56,62.09
2024-09-20T18:00,76.1,68,64.75
2024-09-20T19:00,71.96,75,63.59
2024-09-20T20:00,70.34,76,62.41
2024-09-20T21:00,69.44,78,62.27
2024-09-20T22:00,67.1,83,61.76
2024-09-20T23:00,66.74,86,62.41
2024-09-21T00:00,66.56,92,64.16
2024-09-21T01:00,65.66,95,64.19
2024-09-21T02:00,65.12,97,64.25
2024-09-21T03:00,65.12,97,64.25
2024-09-21T04:00,64.76,97,63.89
2024-09-21T05:00,64.4,97,63.53
2024-09-21T06:00,64.04,97,63.17
2024-09-21T07:00,63.68,98,63.1
2024-09-21T08:00,65.66,95,64.19
2024-09-21T09:00,68.36,89,64.99
2024-09-21T10:00,71.42,81,65.28
2024-09-21T11:00,75.2,71,65.13
2024-09-21T12:00,77.36,66,65.09
2024-09-21T13:00,79.16,63,65.46
2024-09-21T14:00,80.06,60,64.9
2024-09-21T15:00,80.42,61,65.71
2024-09-21T16:00,79.88,62,65.68
2024-09-21T17:00,78.62,66,66.29
2024-09-21T18:00,76.28,80,69.64
2024-09-21T19:00,73.94,82,68.09
2024-09-21T20:00,71.42,83,65.98
2024-09-21T21:00,69.26,96,68.07
2024-09-21T22:00,66.2,100,66.2
2024-09-21T23:00,66.02,100,66.02
2024-09-22T00:00,66.56,99,66.27
2024-09-22T01:00,66.02,100,66.02
2024-09-22T02:00,66.2,98,65.62
2024-09-22T03:00,66.38,98,65.8
2024-09-22T04:00,66.2,99,65.91
2024-09-22T05:00,66.92,98,66.34
2024-09-22T06:00,66.56,98,65.98
2024-09-22T07:00,65.66,97,64.78
2024-09-22T08:00,65.48,96,64.31
2024-09-22T09:00,66.74,92,64.34
2024-09-22T10:00,68.9,84,63.86
2024-09-22T11:00,70.16,79,63.33
2024-09-22T12:00,71.42,77,63.82
2024-09-22T13:00,71.6,76,63.62
2024-09-22T14:00,72.5,72,62.95
2024-09-22T15:00,73.04,70,62.66
2024-09-22T16:00,74.12,68,62.87
2024-09-22T17:00,74.12,68,62.87
2024-09-22T18:00,72.86,74,64.08
2024-09-22T19:00,69.98,81,63.87
2024-09-22T20:00,67.1,88,63.42
2024-09-22T21:00,65.84,90,62.82
2024-09-22T22:00,65.12,92,62.73
2024-09-22T23:00,65.12,92,62.73
2024-09-23T00:00,65.48,90,62.47
2024-09-23T01:00,64.4,92,62.02
2024-09-23T02:00,63.14,94,61.38
2024-09-23T03:00,62.42,93,60.37
2024-09-23T04:00,61.7,93,59.65
2024-09-23T05:00,61.52,93,59.47
2024-09-23T06:00,60.98,94,59.24
2024-09-23T07:00,61.88,91,59.22
2024-09-23T08:00,63.32,89,60.02
2024-09-23T09:00,65.66,80,59.32
2024-09-23T10:00,66.38,77,58.94
2024-09-23T11:00,66.92,76,59.1
2024-09-23T12:00,68.18,74,59.57
2024-09-23T13:00,70.16,70,59.91
2024-09-23T14:00,72.86,65,60.39
2024-09-23T15:00,73.58,65,61.07
2024-09-23T16:00,73.76,67,62.1
2024-09-23T17:00,72.32,70,61.97
2024-09-23T18:00,71.06,71,61.17
2024-09-23T19:00,69.44,72,60.01
2024-09-23T20:00,68.9,73,59.88
2024-09-23T21:00,64.04,98,63.46
2024-09-23T22:00,63.86,100,63.86
2024-09-23T23:00,62.78,100,62.78
2024-09-24T00:00,62.06,97,61.2
2024-09-24T01:00,61.88,97,61.02
2024-09-24T02:00,61.7,97,60.84
2024-09-24T03:00,61.88,97,61.02
2024-09-24T04:00,61.88,97,61.02
2024-09-24T05:00,62.06,97,61.2
2024-09-24T06:00,62.24,96,61.08
2024-09-24T07:00,62.06,97,61.2
2024-09-24T08:00,62.42,96,61.26
2024-09-24T09:00,61.52,100,61.52
2024-09-24T10:00,62.78,96,61.62
2024-09-24T11:00,65.48,89,62.15
2024-09-24T12:00,66.56,84,61.57
2024-09-24T13:00,70.7,73,61.61
2024-09-24T14:00,69.8,73,60.74
2024-09-24T15:00,71.06,72,61.56
2024-09-24T16:00,69.8,75,61.51
2024-09-24T17:00,68.54,79,61.76
2024-09-24T18:00,68.54,80,62.12
2024-09-24T19:00,68.0,81,61.94
2024-09-24T20:00,67.1,84,62.1
2024-09-24T21:00,64.4,98,63.82
2024-09-24T22:00,64.04,97,63.17
2024-09-24T23:00,63.86,96,62.7
2024-09-25T00:00,63.68,96,62.52
2024-09-25T01:00,62.78,100,62.78
2024-09-25T02:00,62.42,100,62.42
2024-09-25T03:00,62.78,98,62.21
2024-09-25T04:00,63.68,98,63.1
2024-09-25T05:00,63.32,98,62.74
2024-09-25T06:00,64.04,98,63.46
2024-09-25T07:00,64.04,100,64.04
2024-09-25T08:00,64.94,100,64.94
2024-09-25T09:00,66.38,100,66.38
2024-09-25T10:00,67.1,100,67.1
2024-09-25T11:00,68.18,98,67.59
2024-09-25T12:00,69.98,92,67.54
2024-09-25T13:00,72.68,88,68.91
2024-09-25T14:00,73.22,86,68.77
2024-09-25T15:00,74.66,84,69.49
2024-09-25T16:00,77.0,77,69.22
2024-09-25T17:00,74.48,83,68.97
2024-09-25T18:00,73.4,88,69.62
2024-09-25T19:00,71.06,93,68.93
2024-09-25T20:00,69.98,96,68.78
2024-09-25T21:00,68.54,98,67.95
2024-09-25T22:00,68.0,98,67.41
2024-09-25T23:00,67.46,99,67.17
2024-09-26T00:00,67.46,99,67.17
2024-09-26T01:00,67.46,99,67.17
2024-09-26T02:00,67.46,99,67.17
2024-09-26T03:00,67.64,98,67.05
2024-09-26T04:00,67.82,98,67.23
2024-09-26T05:00,67.82,99,67.53
2024-09-26T06:00,67.82,99,67.53
2024-09-26T07:00,67.82,99,67.53
2024-09-26T08:00,69.08,98,68.49
2024-09-26T09:00,70.16,95,68.66
2024-09-26T10:00,71.6,93,69.46
2024-09-26T11:00,73.76,91,70.96
2024-09-26T12:00,75.38,88,71.57
2024-09-26T13:00,78.08,78,70.65
2024-09-26T14:00,79.34,74,70.31
2024-09-26T15:00,80.42,70,69.72
2024-09-26T16:00,77.72,79,70.67
2024-09-26T17:00,76.46,87,72.29
2024-09-26T18:00,75.74,91,72.92
2024-09-26T19:00,73.76,93,71.6
2024-09-26T20:00,72.5,92,70.04
2024-09-26T21:00,71.78,98,71.18
2024-09-26T22:00,71.06,98,70.46
2024-09-26T23:00,70.16,100,70.16
2024-09-27T00:00,69.98,100,69.98
2024-09-27T01:00,69.98,100,69.98
2024-09-27T02:00,69.98,100,69.98
2024-09-27T03:00,69.62,100,69.62
2024-09-27T04:00,69.62,100,69.62
2024-09-27T05:00,69.62,100,69.62
2024-09-27T06:00,69.8,100,69.8
2024-09-27T07:00,69.98,100,69.98
2024-09-27T08:00,70.34,100,70.34
2024-09-27T09:00,71.42,100,71.42
2024-09-27T10:00,72.32,100,72.32
2024-09-27T11:00,72.68,98,72.08
2024-09-27T12:00,73.04,96,71.83
2024-09-27T13:00,73.04,96,71.83
2024-09-27T14:00,73.76,95,72.23
2024-09-27T15:00,74.66,95,73.13
2024-09-27T16:00,73.4,100,73.4
2024-09-27T17:00,73.94,97,73.03
2024-09-27T18:00,73.22,100,73.22
2024-09-27T19:00,72.14,100,72.14
2024-09-27T20:00,72.68,98,72.08
2024-09-27T21:00,72.68,97,71.78
2024-09-27T22:00,71.96,98,71.36
2024-09-27T23:00,71.42,100,71.42
2024-09-28T00:00,71.78,99,71.48
2024-09-28T01:00,72.32,99,72.02
2024-09-28T02:00,72.14,99,71.84
2024-09-28T03:00,71.96,100,71.96
2024-09-28T04:00,72.14,100,72.14
2024-09-28T05:00,72.14,99,71.84
2024-09-28T06:00,72.32,99,72.02
2024-09-28T07:00,71.6,100,71.6
2024-09-28T08:00,71.78,99,71.48
2024-09-28T09:00,73.58,95,72.06
2024-09-28T10:00,75.02,90,71.88
2024-09-28T11:00,77.54,73,68.18
2024-09-28T12:00,79.88,61,65.21
2024-09-28T13:00,81.32,54,63.06
2024-09-28T14:00,81.86,52,62.48
2024-09-28T15:00,82.04,51,62.1
2024-09-28T16:00,81.68,53,62.86
2024-09-28T17:00,80.78,60,65.58
2024-09-28T18:00,77.72,75,69.15
2024-09-28T19:00,74.84,81,68.61
2024-09-28T20:00,73.04,80,66.49
2024-09-28T21:00,70.88,88,67.14
2024-09-28T22:00,70.16,90,67.08
2024-09-28T23:00,70.88,88,67.14
2024-09-29T00:00,70.88,88,67.14
2024-09-29T01:00,69.98,92,67.54
2024-09-29T02:00,69.98,93,67.86
2024-09-29T03:00,68.9,97,68.01
2024-09-29T04:00,68.54,98,67.95
2024-09-29T05:00,68.54,98,67.95
2024-09-29T06:00,68.72,97,67.83
2024-09-29T07:00,68.54,96,67.35
2024-09-29T08:00,69.08,94,67.28
2024-09-29T09:00,69.26,91,66.52
2024-09-29T10:00,69.98,89,66.58
2024-09-29T11:00,71.06,87,66.99
2024-09-29T12:00,71.06,88,67.32
2024-09-29T13:00,71.78,87,67.69
2024-09-29T14:00,72.5,85,67.72
2024-09-29T15:00,73.22,83,67.74
2024-09-29T16:00,72.68,85,67.9
2024-09-29T17:00,71.6,86,67.18
2024-09-29T18:00,70.16,89,66.76
2024-09-29T19:00,69.26,91,66.52
2024-09-29T20:00,68.54,91,65.8
2024-09-29T21:00,67.46,98,66.87
2024-09-29T22:00,67.1,98,66.51
2024-09-29T23:00,67.1,98,66.51
2024-09-30T00:00,67.1,100,67.1
2024-09-30T01:00,66.74,100,66.74
2024-09-30T02:00,66.02,100,66.02
2024-09-30T03:00,65.84,98,65.26
2024-09-30T04:00,65.3,100,65.3
2024-09-30T05:00,65.12,100,65.12
2024-09-30T06:00,64.76,100,64.76
2024-09-30T07:00,64.58,100,64.58
2024-09-30T08:00,64.4,100,64.4
2024-09-30T09:00,64.4,100,64.4
2024-09-30T10:00,64.22,100,64.22
2024-09-30T11:00,64.94,97,64.07
2024-09-30T12:00,66.92,89,63.57
2024-09-30T13:00,68.18,86,63.83
2024-09-30T14:00,68.72,84,63.68
2024-09-30T15:00,69.98,79,63.16
2024-09-30T16:00,70.34,76,62.41
2024-09-30T17:00,70.16,78,62.97
2024-09-30T18:00,69.44,81,63.35
2024-09-30T19:00,67.82,86,63.47
2024-09-30T20:00,66.56,90,63.53
2024-09-30T21:00,66.38,92,63.98
2024-09-30T22:00,65.12,100,65.12
2024-09-30T23:00,64.76,100,64.76
2024-10-01T00:00,65.12,98,64.54
2024-10-01T01:00,64.76,97,63.89
2024-10-01T02:00,64.4,97,63.53
2024-10-01T03:00,64.04,98,63.46
2024-10-01T04:00,63.32,100,63.32
2024-10-01T05:00,63.14,100,63.14
2024-10-01T06:00,62.78,100,62.78
2024-10-01T07:00,62.96,100,62.96
2024-10-01T08:00,63.68,100,63.68
2024-10-01T09:00,65.3,98,64.72
2024-10-01T10:00,65.66,96,64.49
2024-10-01T11:00,66.74,92,64.34
2024-10-01T12:00,68.36,85,63.67
2024-10-01T13:00,68.9,85,64.2
2024-10-01T14:00,69.98,82,64.22
2024-10-01T15:00,70.34,80,63.87
2024-10-01T16:00,70.34,79,63.51
2024-10-01T17:00,69.44,79,62.63
2024-10-01T18:00,68.9,79,62.11
2024-10-01T19:00,67.82,80,61.42
2024-10-01T20:00,67.28,80,60.89
2024-10-01T21:00,65.3,90,62.29
2024-10-01T22:00,65.48,86,61.18
2024-10-01T23:00,65.3,84,60.34
2024-10-02T00:00,64.76,85,60.14
2024-10-02T01:00,64.58,85,59.96
2024-10-02T02:00,64.04,85,59.43
2024-10-02T03:00,63.5,86,59.23
2024-10-02T04:00,62.96,88,59.35
2024-10-02T05:00,62.6,89,59.31
2024-10-02T06:00,62.6,89,59.31
2024-10-02T07:00,62.6,90,59.62
2024-10-02T08:00,62.78,89,59.49
2024-10-02T09:00,62.96,92,60.6
2024-10-02T10:00,63.32,92,60.95
2024-10-02T11:00,64.76,89,61.44
2024-10-02T12:00,66.56,85,61.9
2024-10-02T13:00,67.46,83,62.11
2024-10-02T14:00,69.44,76,61.54
2024-10-02T15:00,70.52,72,61.05
2024-10-02T16:00,71.06,71,61.17
2024-10-02T17:00,70.88,72,61.39
2024-10-02T18:00,69.62,79,62.81
2024-10-02T19:00,67.1,85,62.43
2024-10-02T20:00,66.02,86,61.71
2024-10-02T21:00,63.68,93,61.62
2024-10-02T22:00,64.22,91,61.53
2024-10-02T23:00,63.14,92,60.77
2024-10-03T00:00,62.24,94,60.49
2024-10-03T01:00,61.52,96,60.37
2024-10-03T02:00,60.8,97,59.94
2024-10-03T03:00,61.7,96,60.55
2024-10-03T04:00,62.78,94,61.03
2024-10-03T05:00,63.14,94,61.38
2024-10-03T06:00,63.32,93,61.26
2024-10-03T07:00,62.42,93,60.37
2024-10-03T08:00,63.5,92,61.13
2024-10-03T09:00,64.76,92,62.38
2024-10-03T10:00,66.02,90,63.0
2024-10-03T11:00,69.44,80,62.99
2024-10-03T12:00,70.88,78,63.67
2024-10-03T13:00,71.96,75,63.59
2024-10-03T14:00,73.4,70,63.01
2024-10-03T15:00,74.12,67,62.45
2024-10-03T16:00,74.3,66,62.19
2024-10-03T17:00,73.76,68,62.52
2024-10-03T18:00,71.78,84,66.68
2024-10-03T19:00,68.36,91,65.63
2024-10-03T20:00,66.38,93,64.29
2024-10-03T21:00,65.66,92,63.27
2024-10-03T22:00,64.76,93,62.69
2024-10-03T23:00,64.4,93,62.33
2024-10-04T00:00,64.04,95,62.58
2024-10-04T01:00,63.5,97,62.63
2024-10-04T02:00,63.14,97,62.27
2024-10-04T03:00,62.6,98,62.03
2024-10-04T04:00,62.24,98,61.67
2024-10-04T05:00,62.06,97,61.2
2024-10-04T06:00,61.7,98,61.13
2024-10-04T07:00,61.34,97,60.48
2024-10-04T08:00,62.78,95,61.32
2024-10-04T09:00,66.92,88,63.24
2024-10-04T10:00,69.98,82,64.22
2024-10-04T11:00,73.04,75,64.63
2024-10-04T12:00,75.74,69,64.83
2024-10-04T13:00,76.82,67,65.01
2024-10-04T14:00,76.82,67,65.01
2024-10-04T15:00,76.64,69,65.69
2024-10-04T16:00,76.1,70,65.59
2024-10-04T17:00,75.02,73,65.76
2024-10-04T18:00,73.04,85,68.25
2024-10-04T19:00,71.24,87,67.16
2024-10-04T20:00,69.62,87,65.57
2024-10-04T21:00,68.72,93,66.61
2024-10-04T22:00,68.0,94,66.21
2024-10-04T23:00,65.12,100,65.12
2024-10-05T00:00,67.1,96,65.92
2024-10-05T01:00,66.74,97,65.86
2024-10-05T02:00,65.66,98,65.08
2024-10-05T03:00,66.02,98,65.44
2024-10-05T04:00,62.42,100,62.42
2024-10-05T05:00,62.42,100,62.42
2024-10-05T06:00,63.86,100,63.86
2024-10-05T07:00,63.86,100,63.86
2024-10-05T08:00,64.4,99,64.11
2024-10-05T09:00,64.76,99,64.47
2024-10-05T10:00,65.84,95,64.36
2024-10-05T11:00,69.08,82,63.35
2024-10-05T12:00,71.6,71,61.69
2024-10-05T13:00,73.94,64,60.98
2024-10-05T14:00,75.2,57,58.9
2024-10-05T15:00,75.56,54,57.73
2024-10-05T16:00,75.2,52,56.35
2024-10-05T17:00,73.94,54,56.23
2024-10-05T18:00,71.06,65,58.69
2024-10-05T19:00,66.92,68,56.01
2024-10-05T20:00,64.04,73,55.2
2024-10-05T21:00,62.96,77,55.63
2024-10-05T22:00,61.7,77,54.41
2024-10-05T23:00,60.44,72,51.37
2024-10-06T00:00,59.36,70,49.57
2024-10-06T01:00,58.1,72,49.12
2024-10-06T02:00,57.74,75,49.87
2024-10-06T03:00,57.2,81,51.42
2024-10-06T04:00,56.66,85,52.2
2024-10-06T05:00,55.94,88,52.44
2024-10-06T06:00,55.22,91,52.64
2024-10-06T07:00,54.14,92,51.87
2024-10-06T08:00,55.76,90,52.87
2024-10-06T09:00,60.98,84,56.11
2024-10-06T10:00,66.02,76,58.23
2024-10-06T11:00,69.8,63,56.62
2024-10-06T12:00,72.5,50,52.79
2024-10-06T13:00,73.94,47,52.42
2024-10-06T14:00,74.48,47,52.91
2024-10-06T15:00,74.66,50,54.77
2024-10-06T16:00,74.12,53,55.88
2024-10-06T17:00,73.04,59,57.85
2024-10-06T18:00,69.62,69,58.99
2024-10-06T19:00,66.02,73,57.11
2024-10-06T20:00,64.4,76,56.66
2024-10-06T21:00,63.5,80,57.21
2024-10-06T22:00,63.14,85,58.55
2024-10-06T23:00,63.86,86,59.59
2024-10-07T00:00,64.22,84,59.28
2024-10-07T01:00,64.04,83,58.77
2024-10-07T02:00,63.68,83,58.42
2024-10-07T03:00,64.04,83,58.77
2024-10-07T04:00,62.96,86,58.7
2024-10-07T05:00,63.5,86,59.23
2024-10-07T06:00,62.06,91,59.4
2024-10-07T07:00,60.98,94,59.24
2024-10-07T08:00,61.88,94,60.13
2024-10-07T09:00,66.02,87,62.03
2024-10-07T10:00,69.44,77,61.91
2024-10-07T11:00,71.42,67,59.88
2024-10-07T12:00,72.14,54,54.56
2024-10-07T13:00,72.5,43,48.72
2024-10-07T14:00,72.32,42,47.93
2024-10-07T15:00,71.96,46,50.04
2024-10-07T16:00,71.24,47,49.96
2024-10-07T17:00,69.98,50,50.48
2024-10-07T18:00,67.1,58,51.82
2024-10-07T19:00,63.86,59,49.25
2024-10-07T20:00,63.5,56,47.52
2024-10-07T21:00,61.16,64,48.88
2024-10-07T22:00,59.72,66,48.34
2024-10-07T23:00,58.46,67,47.54
2024-10-08T00:00,57.92,67,47.03
2024-10-08T01:00,56.66,69,46.61
2024-10-08T02:00,55.4,71,46.15
2024-10-08T03:00,54.68,72,45.83
2024-10-08T04:00,53.6,74,45.52
2024-10-08T05:00,52.7,75,45.0
2024-10-08T06:00,51.98,76,44.65
2024-10-08T07:00,51.08,77,44.12
2024-10-08T08:00,51.8,77,44.82
2024-10-08T09:00,55.04,73,46.54
2024-10-08T10:00,58.82,63,46.25
2024-10-08T11:00,61.88,52,44.06
2024-10-08T12:00,63.86,43,40.93
2024-10-08T13:00,65.3,40,40.35
2024-10-08T14:00,66.2,39,40.51
2024-10-08T15:00,66.56,38,40.16
2024-10-08T16:00,66.2,40,41.16
2024-10-08T17:00,65.12,45,43.25
2024-10-08T18:00,63.14,63,50.33
2024-10-08T19:00,58.46,73,49.84
2024-10-08T20:00,57.02,69,46.95
2024-10-08T21:00,54.32,77,47.26
2024-10-08T22:00,55.22,70,45.61
2024-10-08T23:00,55.04,71,45.81
2024-10-09T00:00,53.96,82,48.59
2024-10-09T01:00,53.42,81,47.74
2024-10-09T02:00,52.34,81,46.68
2024-10-09T03:00,51.8,81,46.16
2024-10-09T04:00,51.44,81,45.81
2024-10-09T05:00,51.08,81,45.46
2024-10-09T06:00,50.54,82,45.25
2024-10-09T07:00,50.0,82,44.72
2024-10-09T08:00,51.08,81,45.46
2024-10-09T09:00,55.58,75,47.78
2024-10-09T10:00,61.7,67,50.63
2024-10-09T11:00,67.1,54,49.89
2024-10-09T12:00,69.08,40,43.74
2024-10-09T13:00,69.62,38,42.88
2024-10-09T14:00,70.16,34,40.47
2024-10-09T15:00,69.8,38,43.04
2024-10-09T16:00,69.44,38,42.72
2024-10-09T17:00,67.82,44,45.1
2024-10-09T18:00,64.04,55,47.54
2024-10-09T19:00,60.8,59,46.38
2024-10-09T20:00,60.08,57,44.8
2024-10-09T21:00,58.28,62,45.32
2024-10-09T22:00,57.2,61,43.87
2024-10-09T23:00,56.3,59,42.16
2024-10-10T00:00,55.4,56,39.97
2024-10-10T01:00,53.78,55,38.0
2024-10-10T02:00,51.98,59,38.1
2024-10-10T03:00,50.9,60,37.52
2024-10-10T04:00,50.54,59,36.75
2024-10-10T05:00,49.82,62,37.33
2024-10-10T06:00,48.38,67,37.94
2024-10-10T07:00,47.3,71,38.38
2024-10-10T08:00,48.2,72,39.6
2024-10-10T09:00,51.98,69,42.13
2024-10-10T10:00,55.22,57,40.25
2024-10-10T11:00,57.02,53,40.06
2024-10-10T12:00,58.46,51,40.4
2024-10-10T13:00,59.9,50,41.21
2024-10-10T14:00,60.98,48,41.15
2024-10-10T15:00,61.52,47,41.1
2024-10-10T16:00,61.52,49,42.18
2024-10-10T17:00,60.8,51,42.56
2024-10-10T18:00,58.46,57,43.28
2024-10-10T19:00,54.68,63,42.34
2024-10-10T20:00,53.6,64,41.72
2024-10-10T21:00,52.88,67,42.23
2024-10-10T22:00,51.8,68,41.58
2024-10-10T23:00,50.9,70,41.47
2024-10-11T00:00,50.18,72,41.51
2024-10-11T01:00,48.74,75,41.18
2024-10-11T02:00,47.84,77,40.98
2024-10-11T03:00,47.66,78,41.14
2024-10-11T04:00,47.12,80,41.27
2024-10-11T05:00,46.04,82,40.86
2024-10-11T06:00,44.96,84,40.42
2024-10-11T07:00,44.6,85,40.37
2024-10-11T08:00,45.5,84,40.95
2024-10-11T09:00,50.0,76,42.74
2024-10-11T10:00,54.86,64,42.92
2024-10-11T11:00,58.46,57,43.28
2024-10-11T12:00,60.98,52,43.23
2024-10-11T13:00,63.32,47,42.74
2024-10-11T14:00,64.76,45,42.92
2024-10-11T15:00,65.84,43,42.71
2024-10-11T16:00,65.84,43,42.71
2024-10-11T17:00,64.94,48,44.77
2024-10-11T18:00,61.34,61,47.77
2024-10-11T19:00,57.92,66,46.63
2024-10-11T20:00,57.2,63,44.72
2024-10-11T21:00,56.84,60,43.1
2024-10-11T22:00,55.4,65,43.83
2024-10-11T23:00,54.32,66,43.21
2024-10-12T00:00,53.06,68,42.78
2024-10-12T01:00,52.16,70,42.68
2024-10-12T02:00,51.26,73,42.9
2024-10-12T03:00,50.36,76,43.09
2024-10-12T04:00,49.82,77,42.9
2024-10-12T05:00,49.28,79,43.05
2024-10-12T06:00,48.74,81,43.17
2024-10-12T07:00,48.02,83,43.11
2024-10-12T08:00,48.92,83,43.99
2024-10-12T09:00,55.4,75,47.61
2024-10-12T10:00,62.06,64,49.74
2024-10-12T11:00,68.36,52,50.04
2024-10-12T12:00,72.5,43,48.72
2024-10-12T13:00,74.48,43,50.5
2024-10-12T14:00,75.92,42,51.16
2024-10-12T15:00,76.46,43,52.28
2024-10-12T16:00,76.28,45,53.36
2024-10-12T17:00,74.84,54,57.06
2024-10-12T18:00,70.7,68,59.61
2024-10-12T19:00,64.94,77,57.55
2024-10-12T20:00,63.68,77,56.33
2024-10-12T21:00,63.68,69,53.31
2024-10-12T22:00,62.06,72,52.92
2024-10-12T23:00,60.8,70,50.95
2024-10-13T00:00,59.72,70,49.92
2024-10-13T01:00,59.18,70,49.4
2024-10-13T02:00,58.46,72,49.47
2024-10-13T03:00,57.74,74,49.51
2024-10-13T04:00,57.38,76,49.88
2024-10-13T05:00,56.66,79,50.22
2024-10-13T06:00,56.12,81,50.37
2024-10-13T07:00,55.58,82,50.17
2024-10-13T08:00,56.3,81,50.54
2024-10-13T09:00,60.98,77,53.72
2024-10-13T10:00,65.66,67,54.4
2024-10-13T11:00,69.8,59,54.81
2024-10-13T12:00,73.58,52,54.86
2024-10-13T13:00,76.46,48,55.29
2024-10-13T14:00,78.08,46,55.59
2024-10-13T15:00,78.98,43,54.55
2024-10-13T16:00,78.62,44,54.86
2024-10-13T17:00,76.82,49,56.19
2024-10-13T18:00,74.12,53,55.88
2024-10-13T19:00,72.5,52,53.86
2024-10-13T20:00,71.24,51,52.17
2024-10-13T21:00,70.34,54,52.89
2024-10-13T22:00,69.8,53,51.89
2024-10-13T23:00,69.26,52,50.87
2024-10-14T00:00,68.72,54,51.39
2024-10-14T01:00,68.54,54,51.23
2024-10-14T02:00,68.0,57,52.19
2024-10-14T03:00,67.1,61,53.19
2024-10-14T04:00,64.58,68,53.77
2024-10-14T05:00,62.42,75,54.39
2024-10-14T06:00,60.8,80,54.59
2024-10-14T07:00,59.72,84,54.87
2024-10-14T08:00,61.34,79,54.77
2024-10-14T09:00,64.76,72,55.52
2024-10-14T10:00,64.76,43,41.74
2024-10-14T11:00,62.96,39,37.62
2024-10-14T12:00,62.96,40,38.26
2024-10-14T13:00,63.86,37,37.08
2024-10-14T14:00,65.12,35,36.78
2024-10-14T15:00,65.3,32,34.68
2024-10-14T16:00,64.4,32,33.9
2024-10-14T17:00,61.88,36,34.63
2024-10-14T18:00,59.72,43,37.19
2024-10-14T19:00,57.56,47,37.48
2024-10-14T20:00,55.94,53,39.06
2024-10-14T21:00,53.24,62,40.56
2024-10-14T22:00,52.16,64,40.36
2024-10-14T23:00,51.08,65,39.73
2024-10-15T00:00,49.64,69,39.89
2024-10-15T01:00,48.02,72,39.43
2024-10-15T02:00,46.94,75,39.44
2024-10-15T03:00,46.58,76,39.43
2024-10-15T04:00,46.04,77,39.24
2024-10-15T05:00,46.04,76,38.9
2024-10-15T06:00,45.5,77,38.72
2024-10-15T07:00,46.22,75,38.74
2024-10-15T08:00,46.94,74,39.09
2024-10-15T09:00,50.36,64,38.65
2024-10-15T10:00,53.06,54,36.86
2024-10-15T11:00,55.76,46,35.3
2024-10-15T12:00,57.02,44,35.32
2024-10-15T13:00,56.84,45,35.73
2024-10-15T14:00,55.94,46,35.46
2024-10-15T15:00,56.84,46,36.28
2024-10-15T16:00,56.66,48,37.19
2024-10-15T17:00,56.12,49,37.22
2024-10-15T18:00,53.96,56,38.62
2024-10-15T19:00,51.44,61,38.44
2024-10-15T20:00,50.18,63,38.08
2024-10-15T21:00,48.38,70,39.05
2024-10-15T22:00,48.2,70,38.88
2024-10-15T23:00,47.12,70,37.85
2024-10-16T00:00,46.22,68,36.25
2024-10-16T01:00,45.68,68,35.73
2024-10-16T02:00,45.14,69,35.59
2024-10-16T03:00,44.24,69,34.72
2024-10-16T04:00,42.62,73,34.58
2024-10-16T05:00,41.72,76,34.72
2024-10-16T06:00,41.36,79,35.35
2024-10-16T07:00,41.36,80,35.66
2024-10-16T08:00,42.44,79,36.4
2024-10-16T09:00,46.04,72,37.53
2024-10-16T10:00,49.46,63,37.4
2024-10-16T11:00,52.16,56,36.94
2024-10-16T12:00,54.5,48,35.22
2024-10-16T13:00,56.12,43,33.93
2024-10-16T14:00,55.4,45,34.42
2024-10-16T15:00,55.4,45,34.42
2024-10-16T16:00,55.22,45,34.25
2024-10-16T17:00,54.32,47,34.52
2024-10-16T18:00,53.24,51,35.58
2024-10-16T19:00,51.44,55,35.82
2024-10-16T20:00,49.28,59,35.57
2024-10-16T21:00,47.84,65,36.65
2024-10-16T22:00,47.48,64,35.92
2024-10-16T23:00,46.58,64,35.06
2024-10-17T00:00,45.5,66,34.81
2024-10-17T01:00,44.6,69,35.07
2024-10-17T02:00,43.88,70,34.74
2024-10-17T03:00,43.88,69,34.38
2024-10-17T04:00,43.16,71,34.4
2024-10-17T05:00,42.8,72,34.41
2024-10-17T06:00,42.08,74,34.4
2024-10-17T07:00,42.08,73,34.06
2024-10-17T08:00,42.08,74,34.4
2024-10-17T09:00,45.86,69,36.27
2024-10-17T10:00,49.1,62,36.65
2024-10-17T11:00,51.98,54,35.86
2024-10-17T12:00,54.14,50,35.91
2024-10-17T13:00,55.76,47,35.84
2024-10-17T14:00,57.2,45,36.05
2024-10-17T15:00,58.28,45,37.03
2024-10-17T16:00,58.1,45,36.87
2024-10-17T17:00,57.38,46,36.77
2024-10-17T18:00,54.68,53,37.89
2024-10-17T19:00,51.26,59,37.43
2024-10-17T20:00,50.18,61,37.26
2024-10-17T21:00,49.46,61,36.58
2024-10-17T22:00,48.56,63,36.54
2024-10-17T23:00,47.84,65,36.65
2024-10-18T00:00,46.94,67,36.56
2024-10-18T01:00,46.04,70,36.81
2024-10-18T02:00,45.5,71,36.65
2024-10-18T03:00,45.32,71,36.48
2024-10-18T04:00,45.32,70,36.12
2024-10-18T05:00,44.78,70,35.6
2024-10-18T06:00,44.42,71,35.61
2024-10-18T07:00,44.06,73,35.97
2024-10-18T08:00,44.6,73,36.49
2024-10-18T09:00,48.74,69,39.03
2024-10-18T10:00,53.42,57,38.57
2024-10-18T11:00,57.2,48,37.69
2024-10-18T12:00,60.44,43,37.84
2024-10-18T13:00,62.78,39,37.45
2024-10-18T14:00,64.4,36,36.86
2024-10-18T15:00,65.12,36,37.5
2024-10-18T16:00,65.12,36,37.5
2024-10-18T17:00,63.68,43,40.76
2024-10-18T18:00,58.82,63,46.25
2024-10-18T19:00,53.96,70,44.4
2024-10-18T20:00,53.06,66,42.01
2024-10-18T21:00,55.22,57,40.25
2024-10-18T22:00,48.92,75,41.35
2024-10-18T23:00,50.72,66,39.78
2024-10-19T00:00,49.82,64,38.14
2024-10-19T01:00,48.92,65,37.68
2024-10-19T02:00,48.02,67,37.59
2024-10-19T03:00,47.66,70,38.36
2024-10-19T04:00,47.12,72,38.56
2024-10-19T05:00,46.4,75,38.91
2024-10-19T06:00,45.5,77,38.72
2024-10-19T07:00,44.78,79,38.67
2024-10-19T08:00,45.32,78,38.87
2024-10-19T09:00,49.28,74,41.35
2024-10-19T10:00,56.12,63,43.7
2024-10-19T11:00,61.34,50,42.54
2024-10-19T12:00,64.94,42,41.29
2024-10-19T13:00,67.46,36,39.57
2024-10-19T14:00,68.72,34,39.21
2024-10-19T15:00,69.08,34,39.53
2024-10-19T16:00,68.72,36,40.68
2024-10-19T17:00,66.56,48,46.25
2024-10-19T18:00,60.98,59,46.55
2024-10-19T19:00,55.76,65,44.17
2024-10-19T20:00,54.86,60,41.24
2024-10-19T21:00,53.78,57,38.91
2024-10-19T22:00,49.82,67,39.31
2024-10-19T23:00,49.46,65,38.19
2024-10-20T00:00,48.56,68,38.49
2024-10-20T01:00,47.12,76,39.95
2024-10-20T02:00,46.76,79,40.6
2024-10-20T03:00,46.76,78,40.27
2024-10-20T04:00,44.06,84,39.54
2024-10-20T05:00,44.42,82,39.27
2024-10-20T06:00,44.06,82,38.92
2024-10-20T07:00,43.88,83,39.06
2024-10-20T08:00,43.88,83,39.06
2024-10-20T09:00,49.46,77,42.55
2024-10-20T10:00,57.38,64,45.3
2024-10-20T11:00,63.32,51,44.88
2024-10-20T12:00,67.1,43,43.85
2024-10-20T13:00,69.26,40,43.9
2024-10-20T14:00,70.52,38,43.68
2024-10-20T15:00,71.24,36,42.9
2024-10-20T16:00,70.88,36,42.59
2024-10-20T17:00,68.72,50,49.32
2024-10-20T18:00,62.6,65,50.67
2024-10-20T19:00,60.26,60,46.32
2024-10-20T20:00,59.9,55,43.69
2024-10-20T21:00,54.68,73,46.2
2024-10-20T22:00,54.14,74,46.04
2024-10-20T23:00,53.06,77,46.04
2024-10-21T00:00,51.8,79,45.5
2024-10-21T01:00,50.54,81,44.93
2024-10-21T02:00,49.64,81,44.05
2024-10-21T03:00,48.92,82,43.67
2024-10-21T04:00,48.56,83,43.63
2024-10-21T05:00,48.74,82,43.49
2024-10-21T06:00,49.28,79,43.05
2024-10-21T07:00,49.82,77,42.9
2024-10-21T08:00,50.72,75,43.09
2024-10-21T09:00,53.96,71,44.77
2024-10-21T10:00,60.08,62,47.02
2024-10-21T11:00,65.84,53,48.22
2024-10-21T12:00,70.34,44,47.38
2024-10-21T13:00,72.86,38,45.75
2024-10-21T14:00,74.3,35,44.86
2024-10-21T15:00,75.02,33,43.95
2024-10-21T16:00,74.48,34,44.26
2024-10-21T17:00,71.6,49,51.42
2024-10-21T18:00,65.3,64,52.8
2024-10-21T19:00,61.16,68,50.51
2024-10-21T20:00,59.72,69,49.53
2024-10-21T21:00,60.26,61,46.75
2024-10-21T22:00,58.82,65,47.08
2024-10-21T23:00,56.84,73,48.28
2024-10-22T00:00,55.58,76,48.14
2024-10-22T01:00,54.5,76,47.09
2024-10-22T02:00,53.24,77,46.22
2024-10-22T03:00,52.7,77,45.69
2024-10-22T04:00,51.98,78,45.34
2024-10-22T05:00,51.44,80,45.48
2024-10-22T06:00,51.08,81,45.46
2024-10-22T07:00,50.18,84,45.53
2024-10-22T08:00,50.72,83,45.75
2024-10-22T09:00,55.76,74,47.6
2024-10-22T10:00,63.32,63,50.5
2024-10-22T11:00,69.62,53,51.72
2024-10-22T12:00,74.12,42,49.54
2024-10-22T13:00,76.46,36,47.51
2024-10-22T14:00,77.36,33,45.99
2024-10-22T15:00,77.54,32,45.33
2024-10-22T16:00,76.64,35,46.92
2024-10-22T17:00,73.76,45,51.08
2024-10-22T18:00,67.82,55,51.05
2024-10-22T19:00,63.68,58,48.62
2024-10-22T20:00,61.52,61,47.94
2024-10-22T21:00,60.98,62,47.87
2024-10-22T22:00,59.18,66,47.83
2024-10-22T23:00,57.74,70,48.02
2024-10-23T00:00,56.48,73,47.93
2024-10-23T01:00,55.58,77,48.48
2024-10-23T02:00,55.04,80,48.98
2024-10-23T03:00,53.96,84,49.24
2024-10-23T04:00,52.88,85,48.49
2024-10-23T05:00,52.34,84,47.65
2024-10-23T06:00,51.62,84,46.94
2024-10-23T07:00,51.62,84,46.94
2024-10-23T08:00,51.98,84,47.3
2024-10-23T09:00,57.02,75,49.17
2024-10-23T10:00,62.6,65,50.67
2024-10-23T11:00,67.28,55,50.55
2024-10-23T12:00,71.06,48,50.36
2024-10-23T13:00,73.58,44,50.31
2024-10-23T14:00,75.02,42,50.35
2024-10-23T15:00,75.74,40,49.68
2024-10-23T16:00,75.38,41,50.03
2024-10-23T17:00,73.04,50,53.28
2024-10-23T18:00,67.82,61,53.87
2024-10-23T19:00,64.4,64,51.95
2024-10-23T20:00,63.86,65,51.86
2024-10-23T21:00,63.68,67,52.51
2024-10-23T22:00,62.42,70,52.5
2024-10-23T23:00,61.16,74,52.8
2024-10-24T00:00,60.08,76,52.49
2024-10-24T01:00,59.0,78,52.15
2024-10-24T02:00,58.82,76,51.27
2024-10-24T03:00,60.26,71,50.82
2024-10-24T04:00,61.16,69,50.91
2024-10-24T05:00,61.88,67,50.8
2024-10-24T06:00,60.44,71,50.99
2024-10-24T07:00,58.64,76,51.1
2024-10-24T08:00,57.92,78,51.1
2024-10-24T09:00,60.44,67,49.43
2024-10-24T10:00,62.06,56,46.18
2024-10-24T11:00,63.68,52,45.72
2024-10-24T12:00,64.94,48,44.77
2024-10-24T13:00,65.84,43,42.71
2024-10-24T14:00,66.2,39,40.51
2024-10-24T15:00,66.02,37,38.99
2024-10-24T16:00,65.48,37,38.52
2024-10-24T17:00,63.86,39,38.42
2024-10-24T18:00,60.44,44,38.42
2024-10-24T19:00,56.84,50,38.4
2024-10-24T20:00,55.22,53,38.39
2024-10-24T21:00,54.32,53,37.56
2024-10-24T22:00,52.88,56,37.62
2024-10-24T23:00,51.08,60,37.68
2024-10-25T00:00,50.0,63,37.91
2024-10-25T01:00,49.82,63,37.74
2024-10-25T02:00,49.1,63,37.06
2024-10-25T03:00,48.2,65,36.99
2024-10-25T04:00,46.94,68,36.94
2024-10-25T05:00,46.04,72,37.53
2024-10-25T06:00,45.14,76,38.03
2024-10-25T07:00,44.24,78,37.82
2024-10-25T08:00,44.24,79,38.15
2024-10-25T09:00,48.2,70,38.88
2024-10-25T10:00,53.42,58,39.02
2024-10-25T11:00,57.56,48,38.02
2024-10-25T12:00,60.8,43,38.16
2024-10-25T13:00,63.14,41,39.05
2024-10-25T14:00,64.22,40,39.39
2024-10-25T15:00,64.58,42,40.97
2024-10-25T16:00,64.4,45,42.59
2024-10-25T17:00,63.86,48,43.78
2024-10-25T18:00,60.26,57,44.96
2024-10-25T19:00,57.92,60,44.12
2024-10-25T20:00,57.56,62,44.64
2024-10-25T21:00,57.92,62,44.98
2024-10-25T22:00,57.56,64,45.47
2024-10-25T23:00,57.74,65,46.05
2024-10-26T00:00,57.56,67,46.68
2024-10-26T01:00,56.84,70,47.16
2024-10-26T02:00,56.48,73,47.93
2024-10-26T03:00,55.94,74,47.77
2024-10-26T04:00,55.58,76,48.14
2024-10-26T05:00,56.48,75,48.65
2024-10-26T06:00,57.38,75,49.52
2024-10-26T07:00,57.2,75,49.35
2024-10-26T08:00,56.66,75,48.83
2024-10-26T09:00,59.72,71,50.3
2024-10-26T10:00,63.86,61,50.14
2024-10-26T11:00,64.76,48,44.61
2024-10-26T12:00,65.66,41,41.31
2024-10-26T13:00,65.66,43,42.55
2024-10-26T14:00,66.2,42,42.42
2024-10-26T15:00,66.56,38,40.16
2024-10-26T16:00,65.66,39,40.02
2024-10-26T17:00,63.86,41,39.7
2024-10-26T18:00,60.08,47,39.78
2024-10-26T19:00,57.2,51,39.24
2024-10-26T20:00,56.12,51,38.24
2024-10-26T21:00,55.22,57,40.25
2024-10-26T22:00,52.88,61,39.8
2024-10-26T23:00,51.8,58,37.5
2024-10-27T00:00,50.9,53,34.38
2024-10-27T01:00,50.18,50,32.27
2024-10-27T02:00,48.92,51,31.59
2024-10-27T03:00,47.84,54,32.01
2024-10-27T04:00,46.76,58,32.77
2024-10-27T05:00,46.22,61,33.52
2024-10-27T06:00,45.5,64,34.04
2024-10-27T07:00,44.6,66,33.95
2024-10-27T08:00,44.42,67,34.16
2024-10-27T09:00,47.12,64,35.58
2024-10-27T10:00,50.54,58,36.32
2024-10-27T11:00,52.88,50,34.75
2024-10-27T12:00,54.5,45,33.6
2024-10-27T13:00,56.3,40,32.29
2024-10-27T14:00,57.38,38,31.99
2024-10-27T15:00,57.92,36,31.13
2024-10-27T16:00,57.56,35,30.12
2024-10-27T17:00,56.12,36,29.54
2024-10-27T18:00,52.34,50,34.26
2024-10-27T19:00,48.74,57,34.19
2024-10-27T20:00,46.4,62,34.1
2024-10-27T21:00,44.6,59,31.17
2024-10-27T22:00,43.88,61,31.31
2024-10-27T23:00,43.88,59,30.49
2024-10-28T00:00,43.7,61,31.14
2024-10-28T01:00,43.34,65,32.37
2024-10-28T02:00,42.44,69,33.0
2024-10-28T03:00,41.72,73,33.71
2024-10-28T04:00,41.72,76,34.72
2024-10-28T05:00,42.08,78,35.72
2024-10-28T06:00,42.26,80,36.54
2024-10-28T07:00,43.34,78,36.95
2024-10-28T08:00,43.16,79,37.1
2024-10-28T09:00,46.22,77,39.41
2024-10-28T10:00,53.06,61,39.97
2024-10-28T11:00,57.2,48,37.69
2024-10-28T12:00,59.54,44,37.61
2024-10-28T13:00,61.34,42,38.05
2024-10-28T14:00,62.42,41,38.41
2024-10-28T15:00,62.78,41,38.73
2024-10-28T16:00,62.06,42,38.7
2024-10-28T17:00,60.08,46,39.23
2024-10-28T18:00,54.68,54,38.37
2024-10-28T19:00,51.08,55,35.48
2024-10-28T20:00,49.64,53,33.22
2024-10-28T21:00,49.64,48,30.76
2024-10-28T22:00,48.92,52,32.08
2024-10-28T23:00,48.38,61,35.56
2024-10-29T00:00,47.66,69,38.0
2024-10-29T01:00,47.3,76,40.12
2024-10-29T02:00,46.76,81,41.24
2024-10-29T03:00,46.58,84,42.01
2024-10-29T04:00,46.4,86,42.44
2024-10-29T05:00,45.68,88,42.33
2024-10-29T06:00,44.78,90,42.03
2024-10-29T07:00,44.24,91,41.78
2024-10-29T08:00,44.6,89,41.56
2024-10-29T09:00,49.28,86,45.27
2024-10-29T10:00,55.58,75,47.78
2024-10-29T11:00,59.54,62,46.51
2024-10-29T12:00,62.24,54,45.38
2024-10-29T13:00,63.86,50,44.85
2024-10-29T14:00,64.76,49,45.15
2024-10-29T15:00,64.76,50,45.68
2024-10-29T16:00,64.04,52,46.05
2024-10-29T17:00,63.14,55,46.7
2024-10-29T18:00,59.54,64,47.35
2024-10-29T19:00,57.02,68,46.56
2024-10-29T20:00,55.22,75,47.43
2024-10-29T21:00,53.42,84,48.71
2024-10-29T22:00,52.88,87,49.12
2024-10-29T23:00,53.24,87,49.47
2024-10-30T00:00,53.96,87,50.18
2024-10-30T01:00,54.32,88,50.84
2024-10-30T02:00,54.5,89,51.32
2024-10-30T03:00,54.5,92,52.22
2024-10-30T04:00,54.5,95,53.1
2024-10-30T05:00,54.32,96,53.2
2024-10-30T06:00,54.5,96,53.38
2024-10-30T07:00,54.5,96,53.38
2024-10-30T08:00,54.68,96,53.56
2024-10-30T09:00,57.38,88,53.85
2024-10-30T10:00,61.88,77,54.59
2024-10-30T11:00,66.2,69,55.72
2024-10-30T12:00,70.16,62,56.52
2024-10-30T13:00,73.4,57,57.23
2024-10-30T14:00,75.38,53,57.04
2024-10-30T15:00,75.92,52,57.01
2024-10-30T16:00,75.38,54,57.56
2024-10-30T17:00,72.86,65,60.39
2024-10-30T18:00,68.18,72,58.8
2024-10-30T19:00,66.02,73,57.11
2024-10-30T20:00,65.48,79,58.79
2024-10-30T21:00,66.02,81,60.02
2024-10-30T22:00,66.02,80,59.67
2024-10-30T23:00,65.66,80,59.32
2024-10-31T00:00,64.58,82,58.96
2024-10-31T01:00,63.5,84,58.57
2024-10-31T02:00,62.78,86,58.53
2024-10-31T03:00,62.06,86,57.82
2024-10-31T04:00,61.52,86,57.29
2024-10-31T05:00,60.98,86,56.76
2024-10-31T06:00,60.62,87,56.73
2024-10-31T07:00,60.08,88,56.51
2024-10-31T08:00,59.9,89,56.65
2024-10-31T09:00,63.86,78,56.86
2024-10-31T10:00,67.28,70,57.15
2024-10-31T11:00,70.88,63,57.64
2024-10-31T12:00,74.3,57,58.06
2024-10-31T13:00,76.64,54,58.73
2024-10-31T14:00,78.26,52,59.17
2024-10-31T15:00,78.98,50,58.73
2024-10-31T16:00,78.26,50,58.07
2024-10-31T17:00,76.46,54,58.56
2024-10-31T18:00,72.86,60,58.15
2024-10-31T19:00,71.06,63,57.81
2024-10-31T20:00,70.52,64,57.74
2024-10-31T21:00,71.06,62,57.37
2024-10-31T22:00,70.52,62,56.86
2024-10-31T23:00,69.62,62,56.01
2024-11-01T00:00,69.26,61,55.22
2024-11-01T01:00,68.72,63,55.61
2024-11-01T02:00,68.0,64,55.36
2024-11-01T03:00,67.28,65,55.1
2024-11-01T04:00,66.74,66,55.01
2024-11-01T05:00,66.2,67,54.91
2024-11-01T06:00,65.66,69,55.21
2024-11-01T07:00,64.76,71,55.13
2024-11-01T08:00,64.22,73,55.38
2024-11-01T09:00,67.46,67,56.11
2024-11-01T10:00,68.72,67,57.31
2024-11-01T11:00,69.62,66,57.75
2024-11-01T12:00,69.26,68,58.24
2024-11-01T13:00,74.12,58,58.38
2024-11-01T14:00,76.1,53,57.71
2024-11-01T15:00,77.18,50,57.08
2024-11-01T16:00,77.9,46,55.43
2024-11-01T17:00,76.1,44,52.58
2024-11-01T18:00,71.6,48,50.86
2024-11-01T19:00,68.18,53,50.39
2024-11-01T20:00,65.66,50,46.51
2024-11-01T21:00,67.1,44,44.45
2024-11-01T22:00,63.68,46,42.51
2024-11-01T23:00,61.16,40,36.65
